ID,Date,ATM Name,Day,Month,Year,Total Amount Withdrawn
1,2020-01-01,Cityatm,1,1,2020,123505
2,2020-01-02,Cityatm,2,1,2020,77502
3,2020-01-03,Cityatm,3,1,2020,89308
4,2020-01-04,Cityatm,4,1,2020,159964
5,2020-01-05,Cityatm,5,1,2020,120542
6,2020-01-06,Cityatm,6,1,2020,118717
7,2020-01-07,Cityatm,7,1,2020,106105
8,2020-01-08,Cityatm,8,1,2020,115039
9,2020-01-09,Cityatm,9,1,2020,103120
10,2020-01-10,Cityatm,10,1,2020,104469
11,2020-01-11,Cityatm,11,1,2020,167289
12,2020-01-12,Cityatm,12,1,2020,135431
13,2020-01-13,Cityatm,13,1,2020,93183
14,2020-01-14,Cityatm,14,1,2020,115646
15,2020-01-15,Cityatm,15,1,2020,103052
16,2020-01-16,Cityatm,16,1,2020,101085
17,2020-01-17,Cityatm,17,1,2020,113797
18,2020-01-18,Cityatm,18,1,2020,129037
19,2020-01-19,Cityatm,19,1,2020,146381
20,2020-01-20,Cityatm,20,1,2020,102487
21,2020-01-21,Cityatm,21,1,2020,83074
22,2020-01-22,Cityatm,22,1,2020,89110
23,2020-01-23,Cityatm,23,1,2020,118164
24,2020-01-24,Cityatm,24,1,2020,87945
25,2020-01-25,Cityatm,25,1,2020,178581
26,2020-01-26,Cityatm,26,1,2020,173187
27,2020-01-27,Cityatm,27,1,2020,114094
28,2020-01-28,Cityatm,28,1,2020,83131
29,2020-01-29,Cityatm,29,1,2020,115406
30,2020-01-30,Cityatm,30,1,2020,112279
31,2020-01-31,Cityatm,31,1,2020,114388
32,2020-02-01,Cityatm,1,2,2020,146660
33,2020-02-02,Cityatm,2,2,2020,133713
34,2020-02-03,Cityatm,3,2,2020,116651
35,2020-02-04,Cityatm,4,2,2020,77433
36,2020-02-05,Cityatm,5,2,2020,106232
37,2020-02-06,Cityatm,6,2,2020,108020
38,2020-02-07,Cityatm,7,2,2020,119855
39,2020-02-08,Cityatm,8,2,2020,154892
40,2020-02-09,Cityatm,9,2,2020,147240
41,2020-02-10,Cityatm,10,2,2020,87304
42,2020-02-11,Cityatm,11,2,2020,115597
43,2020-02-12,Cityatm,12,2,2020,95439
44,2020-02-13,Cityatm,13,2,2020,117147
45,2020-02-14,Cityatm,14,2,2020,77887
46,2020-02-15,Cityatm,15,2,2020,170248
47,2020-02-16,Cityatm,16,2,2020,173912
48,2020-02-17,Cityatm,17,2,2020,85508
49,2020-02-18,Cityatm,18,2,2020,108399
50,2020-02-19,Cityatm,19,2,2020,80253
51,2020-02-20,Cityatm,20,2,2020,99590
52,2020-02-21,Cityatm,21,2,2020,110570
53,2020-02-22,Cityatm,22,2,2020,161825
54,2020-02-23,Cityatm,23,2,2020,172561
55,2020-02-24,Cityatm,24,2,2020,79395
56,2020-02-25,Cityatm,25,2,2020,112150
57,2020-02-26,Cityatm,26,2,2020,122562
58,2020-02-27,Cityatm,27,2,2020,114053
59,2020-02-28,Cityatm,28,2,2020,120512
60,2020-02-29,Cityatm,29,2,2020,151811
61,2020-03-01,Cityatm,1,3,2020,122714
62,2020-03-02,Cityatm,2,3,2020,100287
63,2020-03-03,Cityatm,3,3,2020,81424
64,2020-03-04,Cityatm,4,3,2020,101401
65,2020-03-05,Cityatm,5,3,2020,78995
66,2020-03-06,Cityatm,6,3,2020,79530
67,2020-03-07,Cityatm,7,3,2020,127341
68,2020-03-08,Cityatm,8,3,2020,169431
69,2020-03-09,Cityatm,9,3,2020,99665
70,2020-03-10,Cityatm,10,3,2020,121507
71,2020-03-11,Cityatm,11,3,2020,113264
72,2020-03-12,Cityatm,12,3,2020,99842
73,2020-03-13,Cityatm,13,3,2020,95188
74,2020-03-14,Cityatm,14,3,2020,166187
75,2020-03-15,Cityatm,15,3,2020,137997
76,2020-03-16,Cityatm,16,3,2020,100748
77,2020-03-17,Cityatm,17,3,2020,75399
78,2020-03-18,Cityatm,18,3,2020,114623
79,2020-03-19,Cityatm,19,3,2020,123853
80,2020-03-20,Cityatm,20,3,2020,124282
81,2020-03-21,Cityatm,21,3,2020,162555
82,2020-03-22,Cityatm,22,3,2020,150537
83,2020-03-23,Cityatm,23,3,2020,94760
84,2020-03-24,Cityatm,24,3,2020,88461
85,2020-03-25,Cityatm,25,3,2020,94177
86,2020-03-26,Cityatm,26,3,2020,112714
87,2020-03-27,Cityatm,27,3,2020,107450
88,2020-03-28,Cityatm,28,3,2020,163078
89,2020-03-29,Cityatm,29,3,2020,134686
90,2020-03-30,Cityatm,30,3,2020,90875
91,2020-03-31,Cityatm,31,3,2020,80357
92,2020-04-01,Cityatm,1,4,2020,113212
93,2020-04-02,Cityatm,2,4,2020,105262
94,2020-04-03,Cityatm,3,4,2020,87641
95,2020-04-04,Cityatm,4,4,2020,138061
96,2020-04-05,Cityatm,5,4,2020,153077
97,2020-04-06,Cityatm,6,4,2020,78242
98,2020-04-07,Cityatm,7,4,2020,78837
99,2020-04-08,Cityatm,8,4,2020,98594
100,2020-04-09,Cityatm,9,4,2020,79593
101,2020-04-10,Cityatm,10,4,2020,80718
102,2020-04-11,Cityatm,11,4,2020,124552
103,2020-04-12,Cityatm,12,4,2020,158795
104,2020-04-13,Cityatm,13,4,2020,95480
105,2020-04-14,Cityatm,14,4,2020,96059
106,2020-04-15,Cityatm,15,4,2020,109181
107,2020-04-16,Cityatm,16,4,2020,87875
108,2020-04-17,Cityatm,17,4,2020,116686
109,2020-04-18,Cityatm,18,4,2020,148478
110,2020-04-19,Cityatm,19,4,2020,158141
111,2020-04-20,Cityatm,20,4,2020,81230
112,2020-04-21,Cityatm,21,4,2020,86343
113,2020-04-22,Cityatm,22,4,2020,107227
114,2020-04-23,Cityatm,23,4,2020,105653
115,2020-04-24,Cityatm,24,4,2020,86263
116,2020-04-25,Cityatm,25,4,2020,142061
117,2020-04-26,Cityatm,26,4,2020,138778
118,2020-04-27,Cityatm,27,4,2020,118001
119,2020-04-28,Cityatm,28,4,2020,105656
120,2020-04-29,Cityatm,29,4,2020,107207
121,2020-04-30,Cityatm,30,4,2020,96964
122,2020-05-01,Cityatm,1,5,2020,97294
123,2020-05-02,Cityatm,2,5,2020,153319
124,2020-05-03,Cityatm,3,5,2020,128276
125,2020-05-04,Cityatm,4,5,2020,83935
126,2020-05-05,Cityatm,5,5,2020,80102
127,2020-05-06,Cityatm,6,5,2020,82978
128,2020-05-07,Cityatm,7,5,2020,86319
129,2020-05-08,Cityatm,8,5,2020,97967
130,2020-05-09,Cityatm,9,5,2020,131066
131,2020-05-10,Cityatm,10,5,2020,135647
132,2020-05-11,Cityatm,11,5,2020,105011
133,2020-05-12,Cityatm,12,5,2020,96265
134,2020-05-13,Cityatm,13,5,2020,111231
135,2020-05-14,Cityatm,14,5,2020,108097
136,2020-05-15,Cityatm,15,5,2020,115999
137,2020-05-16,Cityatm,16,5,2020,177196
138,2020-05-17,Cityatm,17,5,2020,154645
139,2020-05-18,Cityatm,18,5,2020,119573
140,2020-05-19,Cityatm,19,5,2020,97072
141,2020-05-20,Cityatm,20,5,2020,78494
142,2020-05-21,Cityatm,21,5,2020,98819
143,2020-05-22,Cityatm,22,5,2020,107173
144,2020-05-23,Cityatm,23,5,2020,179690
145,2020-05-24,Cityatm,24,5,2020,131859
146,2020-05-25,Cityatm,25,5,2020,102412
147,2020-05-26,Cityatm,26,5,2020,79040
148,2020-05-27,Cityatm,27,5,2020,86324
149,2020-05-28,Cityatm,28,5,2020,84534
150,2020-05-29,Cityatm,29,5,2020,97945
151,2020-05-30,Cityatm,30,5,2020,140713
152,2020-05-31,Cityatm,31,5,2020,153848
153,2020-06-01,Cityatm,1,6,2020,93591
154,2020-06-02,Cityatm,2,6,2020,103345
155,2020-06-03,Cityatm,3,6,2020,121796
156,2020-06-04,Cityatm,4,6,2020,79217
157,2020-06-05,Cityatm,5,6,2020,118215
158,2020-06-06,Cityatm,6,6,2020,130856
159,2020-06-07,Cityatm,7,6,2020,166199
160,2020-06-08,Cityatm,8,6,2020,121606
161,2020-06-09,Cityatm,9,6,2020,106074
162,2020-06-10,Cityatm,10,6,2020,98875
163,2020-06-11,Cityatm,11,6,2020,121039
164,2020-06-12,Cityatm,12,6,2020,84760
165,2020-06-13,Cityatm,13,6,2020,133328
166,2020-06-14,Cityatm,14,6,2020,124311
167,2020-06-15,Cityatm,15,6,2020,113205
168,2020-06-16,Cityatm,16,6,2020,88222
169,2020-06-17,Cityatm,17,6,2020,100634
170,2020-06-18,Cityatm,18,6,2020,111222
171,2020-06-19,Cityatm,19,6,2020,101714
172,2020-06-20,Cityatm,20,6,2020,139536
173,2020-06-21,Cityatm,21,6,2020,136524
174,2020-06-22,Cityatm,22,6,2020,83246
175,2020-06-23,Cityatm,23,6,2020,97169
176,2020-06-24,Cityatm,24,6,2020,86606
177,2020-06-25,Cityatm,25,6,2020,87798
178,2020-06-26,Cityatm,26,6,2020,95178
179,2020-06-27,Cityatm,27,6,2020,177141
180,2020-06-28,Cityatm,28,6,2020,138094
181,2020-06-29,Cityatm,29,6,2020,94321
182,2020-06-30,Cityatm,30,6,2020,115400
183,2020-07-01,Cityatm,1,7,2020,76652
184,2020-07-02,Cityatm,2,7,2020,122724
185,2020-07-03,Cityatm,3,7,2020,110236
186,2020-07-04,Cityatm,4,7,2020,157463
187,2020-07-05,Cityatm,5,7,2020,164507
188,2020-07-06,Cityatm,6,7,2020,77461
189,2020-07-07,Cityatm,7,7,2020,89233
190,2020-07-08,Cityatm,8,7,2020,122368
191,2020-07-09,Cityatm,9,7,2020,122871
192,2020-07-10,Cityatm,10,7,2020,98469
193,2020-07-11,Cityatm,11,7,2020,171262
194,2020-07-12,Cityatm,12,7,2020,172866
195,2020-07-13,Cityatm,13,7,2020,111479
196,2020-07-14,Cityatm,14,7,2020,122224
197,2020-07-15,Cityatm,15,7,2020,113204
198,2020-07-16,Cityatm,16,7,2020,80363
199,2020-07-17,Cityatm,17,7,2020,83231
200,2020-07-18,Cityatm,18,7,2020,175552
201,2020-07-19,Cityatm,19,7,2020,137972
202,2020-07-20,Cityatm,20,7,2020,84845
203,2020-07-21,Cityatm,21,7,2020,100384
204,2020-07-22,Cityatm,22,7,2020,90816
205,2020-07-23,Cityatm,23,7,2020,79602
206,2020-07-24,Cityatm,24,7,2020,107867
207,2020-07-25,Cityatm,25,7,2020,162427
208,2020-07-26,Cityatm,26,7,2020,138773
209,2020-07-27,Cityatm,27,7,2020,109255
210,2020-07-28,Cityatm,28,7,2020,83050
211,2020-07-29,Cityatm,29,7,2020,78074
212,2020-07-30,Cityatm,30,7,2020,108405
213,2020-07-31,Cityatm,31,7,2020,101943
214,2020-08-01,Cityatm,1,8,2020,124746
215,2020-08-02,Cityatm,2,8,2020,156570
216,2020-08-03,Cityatm,3,8,2020,85748
217,2020-08-04,Cityatm,4,8,2020,100379
218,2020-08-05,Cityatm,5,8,2020,117646
219,2020-08-06,Cityatm,6,8,2020,123889
220,2020-08-07,Cityatm,7,8,2020,75806
221,2020-08-08,Cityatm,8,8,2020,125528
222,2020-08-09,Cityatm,9,8,2020,157644
223,2020-08-10,Cityatm,10,8,2020,96374
224,2020-08-11,Cityatm,11,8,2020,75202
225,2020-08-12,Cityatm,12,8,2020,81778
226,2020-08-13,Cityatm,13,8,2020,124616
227,2020-08-14,Cityatm,14,8,2020,80688
228,2020-08-15,Cityatm,15,8,2020,145984
229,2020-08-16,Cityatm,16,8,2020,158880
230,2020-08-17,Cityatm,17,8,2020,80855
231,2020-08-18,Cityatm,18,8,2020,84274
232,2020-08-19,Cityatm,19,8,2020,81096
233,2020-08-20,Cityatm,20,8,2020,78123
234,2020-08-21,Cityatm,21,8,2020,100408
235,2020-08-22,Cityatm,22,8,2020,176998
236,2020-08-23,Cityatm,23,8,2020,175143
237,2020-08-24,Cityatm,24,8,2020,122917
238,2020-08-25,Cityatm,25,8,2020,75993
239,2020-08-26,Cityatm,26,8,2020,104421
240,2020-08-27,Cityatm,27,8,2020,95960
241,2020-08-28,Cityatm,28,8,2020,105715
242,2020-08-29,Cityatm,29,8,2020,169628
243,2020-08-30,Cityatm,30,8,2020,137815
244,2020-08-31,Cityatm,31,8,2020,98418
245,2020-09-01,Cityatm,1,9,2020,78362
246,2020-09-02,Cityatm,2,9,2020,81107
247,2020-09-03,Cityatm,3,9,2020,81307
248,2020-09-04,Cityatm,4,9,2020,111035
249,2020-09-05,Cityatm,5,9,2020,154781
250,2020-09-06,Cityatm,6,9,2020,121553
251,2020-09-07,Cityatm,7,9,2020,108327
252,2020-09-08,Cityatm,8,9,2020,101892
253,2020-09-09,Cityatm,9,9,2020,97467
254,2020-09-10,Cityatm,10,9,2020,120683
255,2020-09-11,Cityatm,11,9,2020,118325
256,2020-09-12,Cityatm,12,9,2020,136228
257,2020-09-13,Cityatm,13,9,2020,160681
258,2020-09-14,Cityatm,14,9,2020,111956
259,2020-09-15,Cityatm,15,9,2020,124253
260,2020-09-16,Cityatm,16,9,2020,122446
261,2020-09-17,Cityatm,17,9,2020,108851
262,2020-09-18,Cityatm,18,9,2020,121167
263,2020-09-19,Cityatm,19,9,2020,168889
264,2020-09-20,Cityatm,20,9,2020,141345
265,2020-09-21,Cityatm,21,9,2020,97388
266,2020-09-22,Cityatm,22,9,2020,116407
267,2020-09-23,Cityatm,23,9,2020,80776
268,2020-09-24,Cityatm,24,9,2020,91413
269,2020-09-25,Cityatm,25,9,2020,87843
270,2020-09-26,Cityatm,26,9,2020,154888
271,2020-09-27,Cityatm,27,9,2020,169812
272,2020-09-28,Cityatm,28,9,2020,86024
273,2020-09-29,Cityatm,29,9,2020,100299
274,2020-09-30,Cityatm,30,9,2020,108339
275,2020-10-01,Cityatm,1,10,2020,104269
276,2020-10-02,Cityatm,2,10,2020,95426
277,2020-10-03,Cityatm,3,10,2020,150246
278,2020-10-04,Cityatm,4,10,2020,144331
279,2020-10-05,Cityatm,5,10,2020,87722
280,2020-10-06,Cityatm,6,10,2020,122297
281,2020-10-07,Cityatm,7,10,2020,108784
282,2020-10-08,Cityatm,8,10,2020,117887
283,2020-10-09,Cityatm,9,10,2020,114548
284,2020-10-10,Cityatm,10,10,2020,146524
285,2020-10-11,Cityatm,11,10,2020,130706
286,2020-10-12,Cityatm,12,10,2020,122400
287,2020-10-13,Cityatm,13,10,2020,107198
288,2020-10-14,Cityatm,14,10,2020,92454
289,2020-10-15,Cityatm,15,10,2020,88011
290,2020-10-16,Cityatm,16,10,2020,124410
291,2020-10-17,Cityatm,17,10,2020,175018
292,2020-10-18,Cityatm,18,10,2020,133736
293,2020-10-19,Cityatm,19,10,2020,118464
294,2020-10-20,Cityatm,20,10,2020,102192
295,2020-10-21,Cityatm,21,10,2020,98630
296,2020-10-22,Cityatm,22,10,2020,124833
297,2020-10-23,Cityatm,23,10,2020,81465
298,2020-10-24,Cityatm,24,10,2020,138280
299,2020-10-25,Cityatm,25,10,2020,149527
300,2020-10-26,Cityatm,26,10,2020,122434
301,2020-10-27,Cityatm,27,10,2020,82106
302,2020-10-28,Cityatm,28,10,2020,75346
303,2020-10-29,Cityatm,29,10,2020,106880
304,2020-10-30,Cityatm,30,10,2020,91059
305,2020-10-31,Cityatm,31,10,2020,165610
306,2020-11-01,Cityatm,1,11,2020,128763
307,2020-11-02,Cityatm,2,11,2020,93234
308,2020-11-03,Cityatm,3,11,2020,77016
309,2020-11-04,Cityatm,4,11,2020,90587
310,2020-11-05,Cityatm,5,11,2020,112819
311,2020-11-06,Cityatm,6,11,2020,76217
312,2020-11-07,Cityatm,7,11,2020,135410
313,2020-11-08,Cityatm,8,11,2020,144053
314,2020-11-09,Cityatm,9,11,2020,98982
315,2020-11-10,Cityatm,10,11,2020,94053
316,2020-11-11,Cityatm,11,11,2020,103520
317,2020-11-12,Cityatm,12,11,2020,80154
318,2020-11-13,Cityatm,13,11,2020,81103
319,2020-11-14,Cityatm,14,11,2020,174852
320,2020-11-15,Cityatm,15,11,2020,174822
321,2020-11-16,Cityatm,16,11,2020,108119
322,2020-11-17,Cityatm,17,11,2020,121624
323,2020-11-18,Cityatm,18,11,2020,102161
324,2020-11-19,Cityatm,19,11,2020,120735
325,2020-11-20,Cityatm,20,11,2020,119628
326,2020-11-21,Cityatm,21,11,2020,131775
327,2020-11-22,Cityatm,22,11,2020,132093
328,2020-11-23,Cityatm,23,11,2020,109598
329,2020-11-24,Cityatm,24,11,2020,104497
330,2020-11-25,Cityatm,25,11,2020,82622
331,2020-11-26,Cityatm,26,11,2020,112743
332,2020-11-27,Cityatm,27,11,2020,114423
333,2020-11-28,Cityatm,28,11,2020,120805
334,2020-11-29,Cityatm,29,11,2020,135211
335,2020-11-30,Cityatm,30,11,2020,120097
336,2020-12-01,Cityatm,1,12,2020,85665
337,2020-12-02,Cityatm,2,12,2020,110905
338,2020-12-03,Cityatm,3,12,2020,80171
339,2020-12-04,Cityatm,4,12,2020,87301
340,2020-12-05,Cityatm,5,12,2020,164271
341,2020-12-06,Cityatm,6,12,2020,176823
342,2020-12-07,Cityatm,7,12,2020,102815
343,2020-12-08,Cityatm,8,12,2020,118855
344,2020-12-09,Cityatm,9,12,2020,89893
345,2020-12-10,Cityatm,10,12,2020,95597
346,2020-12-11,Cityatm,11,12,2020,101117
347,2020-12-12,Cityatm,12,12,2020,172187
348,2020-12-13,Cityatm,13,12,2020,140383
349,2020-12-14,Cityatm,14,12,2020,98369
350,2020-12-15,Cityatm,15,12,2020,86826
351,2020-12-16,Cityatm,16,12,2020,107215
352,2020-12-17,Cityatm,17,12,2020,92311
353,2020-12-18,Cityatm,18,12,2020,80881
354,2020-12-19,Cityatm,19,12,2020,154930
355,2020-12-20,Cityatm,20,12,2020,148480
356,2020-12-21,Cityatm,21,12,2020,103046
357,2020-12-22,Cityatm,22,12,2020,110663
358,2020-12-23,Cityatm,23,12,2020,111274
359,2020-12-24,Cityatm,24,12,2020,121833
360,2020-12-25,Cityatm,25,12,2020,120832
361,2020-12-26,Cityatm,26,12,2020,142741
362,2020-12-27,Cityatm,27,12,2020,138259
363,2020-12-28,Cityatm,28,12,2020,109296
364,2020-12-29,Cityatm,29,12,2020,104307
365,2020-12-30,Cityatm,30,12,2020,115204
366,2020-12-31,Cityatm,31,12,2020,121352
367,2021-01-01,Cityatm,1,1,2021,92756
368,2021-01-02,Cityatm,2,1,2021,160175
369,2021-01-03,Cityatm,3,1,2021,175584
370,2021-01-04,Cityatm,4,1,2021,100640
371,2021-01-05,Cityatm,5,1,2021,91620
372,2021-01-06,Cityatm,6,1,2021,99078
373,2021-01-07,Cityatm,7,1,2021,92137
374,2021-01-08,Cityatm,8,1,2021,106060
375,2021-01-09,Cityatm,9,1,2021,128258
376,2021-01-10,Cityatm,10,1,2021,144770
377,2021-01-11,Cityatm,11,1,2021,90576
378,2021-01-12,Cityatm,12,1,2021,120469
379,2021-01-13,Cityatm,13,1,2021,112403
380,2021-01-14,Cityatm,14,1,2021,95924
381,2021-01-15,Cityatm,15,1,2021,76043
382,2021-01-16,Cityatm,16,1,2021,144612
383,2021-01-17,Cityatm,17,1,2021,125160
384,2021-01-18,Cityatm,18,1,2021,107670
385,2021-01-19,Cityatm,19,1,2021,107478
386,2021-01-20,Cityatm,20,1,2021,97186
387,2021-01-21,Cityatm,21,1,2021,92649
388,2021-01-22,Cityatm,22,1,2021,77353
389,2021-01-23,Cityatm,23,1,2021,127419
390,2021-01-24,Cityatm,24,1,2021,157526
391,2021-01-25,Cityatm,25,1,2021,121425
392,2021-01-26,Cityatm,26,1,2021,80594
393,2021-01-27,Cityatm,27,1,2021,94137
394,2021-01-28,Cityatm,28,1,2021,90249
395,2021-01-29,Cityatm,29,1,2021,116122
396,2021-01-30,Cityatm,30,1,2021,123370
397,2021-01-31,Cityatm,31,1,2021,152854
398,2021-02-01,Cityatm,1,2,2021,87021
399,2021-02-02,Cityatm,2,2,2021,81805
400,2021-02-03,Cityatm,3,2,2021,82212
401,2021-02-04,Cityatm,4,2,2021,124271
402,2021-02-05,Cityatm,5,2,2021,114356
403,2021-02-06,Cityatm,6,2,2021,136434
404,2021-02-07,Cityatm,7,2,2021,125276
405,2021-02-08,Cityatm,8,2,2021,118591
406,2021-02-09,Cityatm,9,2,2021,119936
407,2021-02-10,Cityatm,10,2,2021,121988
408,2021-02-11,Cityatm,11,2,2021,114208
409,2021-02-12,Cityatm,12,2,2021,105895
410,2021-02-13,Cityatm,13,2,2021,166650
411,2021-02-14,Cityatm,14,2,2021,129651
412,2021-02-15,Cityatm,15,2,2021,115754
413,2021-02-16,Cityatm,16,2,2021,81732
414,2021-02-17,Cityatm,17,2,2021,87107
415,2021-02-18,Cityatm,18,2,2021,78673
416,2021-02-19,Cityatm,19,2,2021,82311
417,2021-02-20,Cityatm,20,2,2021,165870
418,2021-02-21,Cityatm,21,2,2021,168541
419,2021-02-22,Cityatm,22,2,2021,108261
420,2021-02-23,Cityatm,23,2,2021,84835
421,2021-02-24,Cityatm,24,2,2021,99443
422,2021-02-25,Cityatm,25,2,2021,90324
423,2021-02-26,Cityatm,26,2,2021,101463
424,2021-02-27,Cityatm,27,2,2021,178481
425,2021-02-28,Cityatm,28,2,2021,135740
426,2021-03-01,Cityatm,1,3,2021,121158
427,2021-03-02,Cityatm,2,3,2021,85252
428,2021-03-03,Cityatm,3,3,2021,88871
429,2021-03-04,Cityatm,4,3,2021,114180
430,2021-03-05,Cityatm,5,3,2021,91607
431,2021-03-06,Cityatm,6,3,2021,158485
432,2021-03-07,Cityatm,7,3,2021,123128
433,2021-03-08,Cityatm,8,3,2021,95637
434,2021-03-09,Cityatm,9,3,2021,99327
435,2021-03-10,Cityatm,10,3,2021,86640
436,2021-03-11,Cityatm,11,3,2021,95743
437,2021-03-12,Cityatm,12,3,2021,91659
438,2021-03-13,Cityatm,13,3,2021,176864
439,2021-03-14,Cityatm,14,3,2021,123138
440,2021-03-15,Cityatm,15,3,2021,96011
441,2021-03-16,Cityatm,16,3,2021,90862
442,2021-03-17,Cityatm,17,3,2021,79142
443,2021-03-18,Cityatm,18,3,2021,124973
444,2021-03-19,Cityatm,19,3,2021,95533
445,2021-03-20,Cityatm,20,3,2021,124243
446,2021-03-21,Cityatm,21,3,2021,164975
447,2021-03-22,Cityatm,22,3,2021,91834
448,2021-03-23,Cityatm,23,3,2021,109201
449,2021-03-24,Cityatm,24,3,2021,91752
450,2021-03-25,Cityatm,25,3,2021,114958
451,2021-03-26,Cityatm,26,3,2021,87591
452,2021-03-27,Cityatm,27,3,2021,153052
453,2021-03-28,Cityatm,28,3,2021,127428
454,2021-03-29,Cityatm,29,3,2021,95809
455,2021-03-30,Cityatm,30,3,2021,80806
456,2021-03-31,Cityatm,31,3,2021,106483
457,2021-04-01,Cityatm,1,4,2021,105674
458,2021-04-02,Cityatm,2,4,2021,117984
459,2021-04-03,Cityatm,3,4,2021,137676
460,2021-04-04,Cityatm,4,4,2021,163612
461,2021-04-05,Cityatm,5,4,2021,91869
462,2021-04-06,Cityatm,6,4,2021,85775
463,2021-04-07,Cityatm,7,4,2021,99578
464,2021-04-08,Cityatm,8,4,2021,122933
465,2021-04-09,Cityatm,9,4,2021,83038
466,2021-04-10,Cityatm,10,4,2021,144909
467,2021-04-11,Cityatm,11,4,2021,149758
468,2021-04-12,Cityatm,12,4,2021,75618
469,2021-04-13,Cityatm,13,4,2021,82536
470,2021-04-14,Cityatm,14,4,2021,92593
471,2021-04-15,Cityatm,15,4,2021,89090
472,2021-04-16,Cityatm,16,4,2021,77999
473,2021-04-17,Cityatm,17,4,2021,176072
474,2021-04-18,Cityatm,18,4,2021,173680
475,2021-04-19,Cityatm,19,4,2021,88731
476,2021-04-20,Cityatm,20,4,2021,77524
477,2021-04-21,Cityatm,21,4,2021,105580
478,2021-04-22,Cityatm,22,4,2021,118516
479,2021-04-23,Cityatm,23,4,2021,108052
480,2021-04-24,Cityatm,24,4,2021,137059
481,2021-04-25,Cityatm,25,4,2021,125283
482,2021-04-26,Cityatm,26,4,2021,108917
483,2021-04-27,Cityatm,27,4,2021,105384
484,2021-04-28,Cityatm,28,4,2021,88644
485,2021-04-29,Cityatm,29,4,2021,123784
486,2021-04-30,Cityatm,30,4,2021,97696
487,2021-05-01,Cityatm,1,5,2021,132021
488,2021-05-02,Cityatm,2,5,2021,145995
489,2021-05-03,Cityatm,3,5,2021,110202
490,2021-05-04,Cityatm,4,5,2021,99454
491,2021-05-05,Cityatm,5,5,2021,80860
492,2021-05-06,Cityatm,6,5,2021,90108
493,2021-05-07,Cityatm,7,5,2021,88013
494,2021-05-08,Cityatm,8,5,2021,163571
495,2021-05-09,Cityatm,9,5,2021,153286
496,2021-05-10,Cityatm,10,5,2021,108767
497,2021-05-11,Cityatm,11,5,2021,88906
498,2021-05-12,Cityatm,12,5,2021,116066
499,2021-05-13,Cityatm,13,5,2021,124369
500,2021-05-14,Cityatm,14,5,2021,119715
501,2021-05-15,Cityatm,15,5,2021,174558
502,2021-05-16,Cityatm,16,5,2021,168814
503,2021-05-17,Cityatm,17,5,2021,113420
504,2021-05-18,Cityatm,18,5,2021,123026
505,2021-05-19,Cityatm,19,5,2021,100716
506,2021-05-20,Cityatm,20,5,2021,115447
507,2021-05-21,Cityatm,21,5,2021,122444
508,2021-05-22,Cityatm,22,5,2021,175904
509,2021-05-23,Cityatm,23,5,2021,153801
510,2021-05-24,Cityatm,24,5,2021,121527
511,2021-05-25,Cityatm,25,5,2021,97144
512,2021-05-26,Cityatm,26,5,2021,83453
513,2021-05-27,Cityatm,27,5,2021,105364
514,2021-05-28,Cityatm,28,5,2021,84530
515,2021-05-29,Cityatm,29,5,2021,128599
516,2021-05-30,Cityatm,30,5,2021,176216
517,2021-05-31,Cityatm,31,5,2021,114961
518,2021-06-01,Cityatm,1,6,2021,109186
519,2021-06-02,Cityatm,2,6,2021,113396
520,2021-06-03,Cityatm,3,6,2021,114067
521,2021-06-04,Cityatm,4,6,2021,105360
522,2021-06-05,Cityatm,5,6,2021,128209
523,2021-06-06,Cityatm,6,6,2021,156572
524,2021-06-07,Cityatm,7,6,2021,106641
525,2021-06-08,Cityatm,8,6,2021,80778
526,2021-06-09,Cityatm,9,6,2021,93379
527,2021-06-10,Cityatm,10,6,2021,119060
528,2021-06-11,Cityatm,11,6,2021,85311
529,2021-06-12,Cityatm,12,6,2021,152903
530,2021-06-13,Cityatm,13,6,2021,154581
531,2021-06-14,Cityatm,14,6,2021,81566
532,2021-06-15,Cityatm,15,6,2021,123640
533,2021-06-16,Cityatm,16,6,2021,80211
534,2021-06-17,Cityatm,17,6,2021,76496
535,2021-06-18,Cityatm,18,6,2021,87040
536,2021-06-19,Cityatm,19,6,2021,171195
537,2021-06-20,Cityatm,20,6,2021,159559
538,2021-06-21,Cityatm,21,6,2021,99884
539,2021-06-22,Cityatm,22,6,2021,87589
540,2021-06-23,Cityatm,23,6,2021,99781
541,2021-06-24,Cityatm,24,6,2021,122982
542,2021-06-25,Cityatm,25,6,2021,111090
543,2021-06-26,Cityatm,26,6,2021,171021
544,2021-06-27,Cityatm,27,6,2021,179151
545,2021-06-28,Cityatm,28,6,2021,120142
546,2021-06-29,Cityatm,29,6,2021,112751
547,2021-06-30,Cityatm,30,6,2021,109676
548,2021-07-01,Cityatm,1,7,2021,94780
549,2021-07-02,Cityatm,2,7,2021,95554
550,2021-07-03,Cityatm,3,7,2021,169578
551,2021-07-04,Cityatm,4,7,2021,156936
552,2021-07-05,Cityatm,5,7,2021,104147
553,2021-07-06,Cityatm,6,7,2021,76208
554,2021-07-07,Cityatm,7,7,2021,78970
555,2021-07-08,Cityatm,8,7,2021,95573
556,2021-07-09,Cityatm,9,7,2021,99122
557,2021-07-10,Cityatm,10,7,2021,176367
558,2021-07-11,Cityatm,11,7,2021,159674
559,2021-07-12,Cityatm,12,7,2021,124769
560,2021-07-13,Cityatm,13,7,2021,95608
561,2021-07-14,Cityatm,14,7,2021,115388
562,2021-07-15,Cityatm,15,7,2021,87574
563,2021-07-16,Cityatm,16,7,2021,103455
564,2021-07-17,Cityatm,17,7,2021,167295
565,2021-07-18,Cityatm,18,7,2021,160676
566,2021-07-19,Cityatm,19,7,2021,80249
567,2021-07-20,Cityatm,20,7,2021,75101
568,2021-07-21,Cityatm,21,7,2021,118623
569,2021-07-22,Cityatm,22,7,2021,93648
570,2021-07-23,Cityatm,23,7,2021,75671
571,2021-07-24,Cityatm,24,7,2021,176497
572,2021-07-25,Cityatm,25,7,2021,123538
573,2021-07-26,Cityatm,26,7,2021,99804
574,2021-07-27,Cityatm,27,7,2021,120534
575,2021-07-28,Cityatm,28,7,2021,109505
576,2021-07-29,Cityatm,29,7,2021,116656
577,2021-07-30,Cityatm,30,7,2021,91393
578,2021-07-31,Cityatm,31,7,2021,161266
579,2021-08-01,Cityatm,1,8,2021,150670
580,2021-08-02,Cityatm,2,8,2021,82700
581,2021-08-03,Cityatm,3,8,2021,93562
582,2021-08-04,Cityatm,4,8,2021,108256
583,2021-08-05,Cityatm,5,8,2021,82363
584,2021-08-06,Cityatm,6,8,2021,114320
585,2021-08-07,Cityatm,7,8,2021,177522
586,2021-08-08,Cityatm,8,8,2021,138427
587,2021-08-09,Cityatm,9,8,2021,114957
588,2021-08-10,Cityatm,10,8,2021,122501
589,2021-08-11,Cityatm,11,8,2021,109275
590,2021-08-12,Cityatm,12,8,2021,101373
591,2021-08-13,Cityatm,13,8,2021,103380
592,2021-08-14,Cityatm,14,8,2021,128089
593,2021-08-15,Cityatm,15,8,2021,154436
594,2021-08-16,Cityatm,16,8,2021,76714
595,2021-08-17,Cityatm,17,8,2021,123167
596,2021-08-18,Cityatm,18,8,2021,84771
597,2021-08-19,Cityatm,19,8,2021,118358
598,2021-08-20,Cityatm,20,8,2021,108726
599,2021-08-21,Cityatm,21,8,2021,138740
600,2021-08-22,Cityatm,22,8,2021,147036
601,2021-08-23,Cityatm,23,8,2021,116421
602,2021-08-24,Cityatm,24,8,2021,84515
603,2021-08-25,Cityatm,25,8,2021,99212
604,2021-08-26,Cityatm,26,8,2021,77924
605,2021-08-27,Cityatm,27,8,2021,97851
606,2021-08-28,Cityatm,28,8,2021,178587
607,2021-08-29,Cityatm,29,8,2021,150039
608,2021-08-30,Cityatm,30,8,2021,114957
609,2021-08-31,Cityatm,31,8,2021,106836
610,2021-09-01,Cityatm,1,9,2021,103349
611,2021-09-02,Cityatm,2,9,2021,109553
612,2021-09-03,Cityatm,3,9,2021,96752
613,2021-09-04,Cityatm,4,9,2021,123524
614,2021-09-05,Cityatm,5,9,2021,141328
615,2021-09-06,Cityatm,6,9,2021,120010
616,2021-09-07,Cityatm,7,9,2021,123073
617,2021-09-08,Cityatm,8,9,2021,109017
618,2021-09-09,Cityatm,9,9,2021,92844
619,2021-09-10,Cityatm,10,9,2021,76719
620,2021-09-11,Cityatm,11,9,2021,156752
621,2021-09-12,Cityatm,12,9,2021,152088
622,2021-09-13,Cityatm,13,9,2021,100238
623,2021-09-14,Cityatm,14,9,2021,79746
624,2021-09-15,Cityatm,15,9,2021,101558
625,2021-09-16,Cityatm,16,9,2021,111576
626,2021-09-17,Cityatm,17,9,2021,96034
627,2021-09-18,Cityatm,18,9,2021,125668
628,2021-09-19,Cityatm,19,9,2021,158548
629,2021-09-20,Cityatm,20,9,2021,89903
630,2021-09-21,Cityatm,21,9,2021,79841
631,2021-09-22,Cityatm,22,9,2021,94751
632,2021-09-23,Cityatm,23,9,2021,118294
633,2021-09-24,Cityatm,24,9,2021,102900
634,2021-09-25,Cityatm,25,9,2021,163135
635,2021-09-26,Cityatm,26,9,2021,176032
636,2021-09-27,Cityatm,27,9,2021,113229
637,2021-09-28,Cityatm,28,9,2021,121646
638,2021-09-29,Cityatm,29,9,2021,115281
639,2021-09-30,Cityatm,30,9,2021,88655
640,2021-10-01,Cityatm,1,10,2021,118531
641,2021-10-02,Cityatm,2,10,2021,177567
642,2021-10-03,Cityatm,3,10,2021,159377
643,2021-10-04,Cityatm,4,10,2021,119421
644,2021-10-05,Cityatm,5,10,2021,100256
645,2021-10-06,Cityatm,6,10,2021,100321
646,2021-10-07,Cityatm,7,10,2021,78296
647,2021-10-08,Cityatm,8,10,2021,104687
648,2021-10-09,Cityatm,9,10,2021,127480
649,2021-10-10,Cityatm,10,10,2021,137944
650,2021-10-11,Cityatm,11,10,2021,105738
651,2021-10-12,Cityatm,12,10,2021,123202
652,2021-10-13,Cityatm,13,10,2021,110324
653,2021-10-14,Cityatm,14,10,2021,121791
654,2021-10-15,Cityatm,15,10,2021,104606
655,2021-10-16,Cityatm,16,10,2021,122910
656,2021-10-17,Cityatm,17,10,2021,140690
657,2021-10-18,Cityatm,18,10,2021,111605
658,2021-10-19,Cityatm,19,10,2021,76592
659,2021-10-20,Cityatm,20,10,2021,93815
660,2021-10-21,Cityatm,21,10,2021,107646
661,2021-10-22,Cityatm,22,10,2021,112462
662,2021-10-23,Cityatm,23,10,2021,147018
663,2021-10-24,Cityatm,24,10,2021,140628
664,2021-10-25,Cityatm,25,10,2021,76105
665,2021-10-26,Cityatm,26,10,2021,97974
666,2021-10-27,Cityatm,27,10,2021,76319
667,2021-10-28,Cityatm,28,10,2021,102218
668,2021-10-29,Cityatm,29,10,2021,123233
669,2021-10-30,Cityatm,30,10,2021,138649
670,2021-10-31,Cityatm,31,10,2021,150499
671,2021-11-01,Cityatm,1,11,2021,85277
672,2021-11-02,Cityatm,2,11,2021,75902
673,2021-11-03,Cityatm,3,11,2021,97506
674,2021-11-04,Cityatm,4,11,2021,91746
675,2021-11-05,Cityatm,5,11,2021,98558
676,2021-11-06,Cityatm,6,11,2021,134597
677,2021-11-07,Cityatm,7,11,2021,125979
678,2021-11-08,Cityatm,8,11,2021,79131
679,2021-11-09,Cityatm,9,11,2021,121201
680,2021-11-10,Cityatm,10,11,2021,84298
681,2021-11-11,Cityatm,11,11,2021,107203
682,2021-11-12,Cityatm,12,11,2021,81786
683,2021-11-13,Cityatm,13,11,2021,144683
684,2021-11-14,Cityatm,14,11,2021,154514
685,2021-11-15,Cityatm,15,11,2021,115407
686,2021-11-16,Cityatm,16,11,2021,83418
687,2021-11-17,Cityatm,17,11,2021,93248
688,2021-11-18,Cityatm,18,11,2021,105385
689,2021-11-19,Cityatm,19,11,2021,85042
690,2021-11-20,Cityatm,20,11,2021,143081
691,2021-11-21,Cityatm,21,11,2021,178806
692,2021-11-22,Cityatm,22,11,2021,89779
693,2021-11-23,Cityatm,23,11,2021,116341
694,2021-11-24,Cityatm,24,11,2021,122722
695,2021-11-25,Cityatm,25,11,2021,114148
696,2021-11-26,Cityatm,26,11,2021,108887
697,2021-11-27,Cityatm,27,11,2021,138420
698,2021-11-28,Cityatm,28,11,2021,170937
699,2021-11-29,Cityatm,29,11,2021,80103
700,2021-11-30,Cityatm,30,11,2021,75518
701,2021-12-01,Cityatm,1,12,2021,117216
702,2021-12-02,Cityatm,2,12,2021,105259
703,2021-12-03,Cityatm,3,12,2021,93400
704,2021-12-04,Cityatm,4,12,2021,145984
705,2021-12-05,Cityatm,5,12,2021,159712
706,2021-12-06,Cityatm,6,12,2021,90563
707,2021-12-07,Cityatm,7,12,2021,86529
708,2021-12-08,Cityatm,8,12,2021,75182
709,2021-12-09,Cityatm,9,12,2021,108440
710,2021-12-10,Cityatm,10,12,2021,107688
711,2021-12-11,Cityatm,11,12,2021,143077
712,2021-12-12,Cityatm,12,12,2021,154839
713,2021-12-13,Cityatm,13,12,2021,86391
714,2021-12-14,Cityatm,14,12,2021,118503
715,2021-12-15,Cityatm,15,12,2021,98119
716,2021-12-16,Cityatm,16,12,2021,107718
717,2021-12-17,Cityatm,17,12,2021,122433
718,2021-12-18,Cityatm,18,12,2021,149783
719,2021-12-19,Cityatm,19,12,2021,163872
720,2021-12-20,Cityatm,20,12,2021,124443
721,2021-12-21,Cityatm,21,12,2021,78092
722,2021-12-22,Cityatm,22,12,2021,91846
723,2021-12-23,Cityatm,23,12,2021,86883
724,2021-12-24,Cityatm,24,12,2021,86862
725,2021-12-25,Cityatm,25,12,2021,129177
726,2021-12-26,Cityatm,26,12,2021,127889
727,2021-12-27,Cityatm,27,12,2021,122075
728,2021-12-28,Cityatm,28,12,2021,113033
729,2021-12-29,Cityatm,29,12,2021,122902
730,2021-12-30,Cityatm,30,12,2021,94815
731,2021-12-31,Cityatm,31,12,2021,109505
732,2022-01-01,Cityatm,1,1,2022,162149
733,2022-01-02,Cityatm,2,1,2022,166603
734,2022-01-03,Cityatm,3,1,2022,96239
735,2022-01-04,Cityatm,4,1,2022,88068
736,2022-01-05,Cityatm,5,1,2022,98118
737,2022-01-06,Cityatm,6,1,2022,122393
738,2022-01-07,Cityatm,7,1,2022,98053
739,2022-01-08,Cityatm,8,1,2022,169566
740,2022-01-09,Cityatm,9,1,2022,164781
741,2022-01-10,Cityatm,10,1,2022,77419
742,2022-01-11,Cityatm,11,1,2022,124449
743,2022-01-12,Cityatm,12,1,2022,89454
744,2022-01-13,Cityatm,13,1,2022,111318
745,2022-01-14,Cityatm,14,1,2022,117458
746,2022-01-15,Cityatm,15,1,2022,145965
747,2022-01-16,Cityatm,16,1,2022,144074
748,2022-01-17,Cityatm,17,1,2022,80769
749,2022-01-18,Cityatm,18,1,2022,91269
750,2022-01-19,Cityatm,19,1,2022,105284
751,2022-01-20,Cityatm,20,1,2022,100368
752,2022-01-21,Cityatm,21,1,2022,105811
753,2022-01-22,Cityatm,22,1,2022,123757
754,2022-01-23,Cityatm,23,1,2022,145655
755,2022-01-24,Cityatm,24,1,2022,102118
756,2022-01-25,Cityatm,25,1,2022,75719
757,2022-01-26,Cityatm,26,1,2022,102659
758,2022-01-27,Cityatm,27,1,2022,124937
759,2022-01-28,Cityatm,28,1,2022,112260
760,2022-01-29,Cityatm,29,1,2022,150124
761,2022-01-30,Cityatm,30,1,2022,176443
762,2022-01-31,Cityatm,31,1,2022,77592
763,2022-02-01,Cityatm,1,2,2022,121568
764,2022-02-02,Cityatm,2,2,2022,106669
765,2022-02-03,Cityatm,3,2,2022,115387
766,2022-02-04,Cityatm,4,2,2022,76851
767,2022-02-05,Cityatm,5,2,2022,175342
768,2022-02-06,Cityatm,6,2,2022,174116
769,2022-02-07,Cityatm,7,2,2022,96916
770,2022-02-08,Cityatm,8,2,2022,118885
771,2022-02-09,Cityatm,9,2,2022,123791
772,2022-02-10,Cityatm,10,2,2022,114505
773,2022-02-11,Cityatm,11,2,2022,107302
774,2022-02-12,Cityatm,12,2,2022,151102
775,2022-02-13,Cityatm,13,2,2022,129390
776,2022-02-14,Cityatm,14,2,2022,102108
777,2022-02-15,Cityatm,15,2,2022,106608
778,2022-02-16,Cityatm,16,2,2022,120383
779,2022-02-17,Cityatm,17,2,2022,97075
780,2022-02-18,Cityatm,18,2,2022,78994
781,2022-02-19,Cityatm,19,2,2022,130759
782,2022-02-20,Cityatm,20,2,2022,162133
783,2022-02-21,Cityatm,21,2,2022,93629
784,2022-02-22,Cityatm,22,2,2022,121921
785,2022-02-23,Cityatm,23,2,2022,79614
786,2022-02-24,Cityatm,24,2,2022,117385
787,2022-02-25,Cityatm,25,2,2022,104974
788,2022-02-26,Cityatm,26,2,2022,144569
789,2022-02-27,Cityatm,27,2,2022,139646
790,2022-02-28,Cityatm,28,2,2022,121826
791,2022-03-01,Cityatm,1,3,2022,120051
792,2022-03-02,Cityatm,2,3,2022,78016
793,2022-03-03,Cityatm,3,3,2022,99510
794,2022-03-04,Cityatm,4,3,2022,111745
795,2022-03-05,Cityatm,5,3,2022,122380
796,2022-03-06,Cityatm,6,3,2022,121847
797,2022-03-07,Cityatm,7,3,2022,82439
798,2022-03-08,Cityatm,8,3,2022,104348
799,2022-03-09,Cityatm,9,3,2022,93338
800,2022-03-10,Cityatm,10,3,2022,102827
801,2022-03-11,Cityatm,11,3,2022,77633
802,2022-03-12,Cityatm,12,3,2022,133988
803,2022-03-13,Cityatm,13,3,2022,140108
804,2022-03-14,Cityatm,14,3,2022,106738
805,2022-03-15,Cityatm,15,3,2022,118852
806,2022-03-16,Cityatm,16,3,2022,87857
807,2022-03-17,Cityatm,17,3,2022,85603
808,2022-03-18,Cityatm,18,3,2022,83971
809,2022-03-19,Cityatm,19,3,2022,160949
810,2022-03-20,Cityatm,20,3,2022,130080
811,2022-03-21,Cityatm,21,3,2022,95742
812,2022-03-22,Cityatm,22,3,2022,85193
813,2022-03-23,Cityatm,23,3,2022,80046
814,2022-03-24,Cityatm,24,3,2022,108231
815,2022-03-25,Cityatm,25,3,2022,106962
816,2022-03-26,Cityatm,26,3,2022,168251
817,2022-03-27,Cityatm,27,3,2022,125301
818,2022-03-28,Cityatm,28,3,2022,81301
819,2022-03-29,Cityatm,29,3,2022,124162
820,2022-03-30,Cityatm,30,3,2022,80119
821,2022-03-31,Cityatm,31,3,2022,79754
822,2022-04-01,Cityatm,1,4,2022,113743
823,2022-04-02,Cityatm,2,4,2022,169320
824,2022-04-03,Cityatm,3,4,2022,148324
825,2022-04-04,Cityatm,4,4,2022,110959
826,2022-04-05,Cityatm,5,4,2022,111393
827,2022-04-06,Cityatm,6,4,2022,119355
828,2022-04-07,Cityatm,7,4,2022,93605
829,2022-04-08,Cityatm,8,4,2022,79594
830,2022-04-09,Cityatm,9,4,2022,121441
831,2022-04-10,Cityatm,10,4,2022,138518
832,2022-04-11,Cityatm,11,4,2022,90502
833,2022-04-12,Cityatm,12,4,2022,123670
834,2022-04-13,Cityatm,13,4,2022,109193
835,2022-04-14,Cityatm,14,4,2022,105421
836,2022-04-15,Cityatm,15,4,2022,112601
837,2022-04-16,Cityatm,16,4,2022,137103
838,2022-04-17,Cityatm,17,4,2022,163385
839,2022-04-18,Cityatm,18,4,2022,84549
840,2022-04-19,Cityatm,19,4,2022,98928
841,2022-04-20,Cityatm,20,4,2022,109115
842,2022-04-21,Cityatm,21,4,2022,119634
843,2022-04-22,Cityatm,22,4,2022,90111
844,2022-04-23,Cityatm,23,4,2022,123901
845,2022-04-24,Cityatm,24,4,2022,124958
846,2022-04-25,Cityatm,25,4,2022,113478
847,2022-04-26,Cityatm,26,4,2022,109072
848,2022-04-27,Cityatm,27,4,2022,109177
849,2022-04-28,Cityatm,28,4,2022,92645
850,2022-04-29,Cityatm,29,4,2022,78563
851,2022-04-30,Cityatm,30,4,2022,168834
852,2022-05-01,Cityatm,1,5,2022,121520
853,2022-05-02,Cityatm,2,5,2022,80967
854,2022-05-03,Cityatm,3,5,2022,79662
855,2022-05-04,Cityatm,4,5,2022,83522
856,2022-05-05,Cityatm,5,5,2022,97446
857,2022-05-06,Cityatm,6,5,2022,111907
858,2022-05-07,Cityatm,7,5,2022,142647
859,2022-05-08,Cityatm,8,5,2022,139208
860,2022-05-09,Cityatm,9,5,2022,92621
861,2022-05-10,Cityatm,10,5,2022,83047
862,2022-05-11,Cityatm,11,5,2022,120178
863,2022-05-12,Cityatm,12,5,2022,97171
864,2022-05-13,Cityatm,13,5,2022,100443
865,2022-05-14,Cityatm,14,5,2022,171164
866,2022-05-15,Cityatm,15,5,2022,157766
867,2022-05-16,Cityatm,16,5,2022,79568
868,2022-05-17,Cityatm,17,5,2022,118466
869,2022-05-18,Cityatm,18,5,2022,91417
870,2022-05-19,Cityatm,19,5,2022,123400
871,2022-05-20,Cityatm,20,5,2022,89599
872,2022-05-21,Cityatm,21,5,2022,164722
873,2022-05-22,Cityatm,22,5,2022,149157
874,2022-05-23,Cityatm,23,5,2022,97372
875,2022-05-24,Cityatm,24,5,2022,79407
876,2022-05-25,Cityatm,25,5,2022,103282
877,2022-05-26,Cityatm,26,5,2022,102484
878,2022-05-27,Cityatm,27,5,2022,106422
879,2022-05-28,Cityatm,28,5,2022,148213
880,2022-05-29,Cityatm,29,5,2022,170365
881,2022-05-30,Cityatm,30,5,2022,97602
882,2022-05-31,Cityatm,31,5,2022,115702
883,2022-06-01,Cityatm,1,6,2022,81117
884,2022-06-02,Cityatm,2,6,2022,102596
885,2022-06-03,Cityatm,3,6,2022,86507
886,2022-06-04,Cityatm,4,6,2022,175459
887,2022-06-05,Cityatm,5,6,2022,124301
888,2022-06-06,Cityatm,6,6,2022,96853
889,2022-06-07,Cityatm,7,6,2022,79437
890,2022-06-08,Cityatm,8,6,2022,77581
891,2022-06-09,Cityatm,9,6,2022,93870
892,2022-06-10,Cityatm,10,6,2022,92184
893,2022-06-11,Cityatm,11,6,2022,143869
894,2022-06-12,Cityatm,12,6,2022,156128
895,2022-06-13,Cityatm,13,6,2022,104272
896,2022-06-14,Cityatm,14,6,2022,120091
897,2022-06-15,Cityatm,15,6,2022,92485
898,2022-06-16,Cityatm,16,6,2022,111685
899,2022-06-17,Cityatm,17,6,2022,81485
900,2022-06-18,Cityatm,18,6,2022,128923
901,2022-06-19,Cityatm,19,6,2022,120442
902,2022-06-20,Cityatm,20,6,2022,120078
903,2022-06-21,Cityatm,21,6,2022,97749
904,2022-06-22,Cityatm,22,6,2022,94309
905,2022-06-23,Cityatm,23,6,2022,88971
906,2022-06-24,Cityatm,24,6,2022,107599
907,2022-06-25,Cityatm,25,6,2022,155419
908,2022-06-26,Cityatm,26,6,2022,173265
909,2022-06-27,Cityatm,27,6,2022,83214
910,2022-06-28,Cityatm,28,6,2022,106652
911,2022-06-29,Cityatm,29,6,2022,89876
912,2022-06-30,Cityatm,30,6,2022,109013
913,2022-07-01,Cityatm,1,7,2022,94205
914,2022-07-02,Cityatm,2,7,2022,133999
915,2022-07-03,Cityatm,3,7,2022,157413
916,2022-07-04,Cityatm,4,7,2022,123931
917,2022-07-05,Cityatm,5,7,2022,119966
918,2022-07-06,Cityatm,6,7,2022,103628
919,2022-07-07,Cityatm,7,7,2022,79729
920,2022-07-08,Cityatm,8,7,2022,105166
921,2022-07-09,Cityatm,9,7,2022,123356
922,2022-07-10,Cityatm,10,7,2022,154078
923,2022-07-11,Cityatm,11,7,2022,115167
924,2022-07-12,Cityatm,12,7,2022,76999
925,2022-07-13,Cityatm,13,7,2022,103161
926,2022-07-14,Cityatm,14,7,2022,96042
927,2022-07-15,Cityatm,15,7,2022,80801
928,2022-07-16,Cityatm,16,7,2022,177900
929,2022-07-17,Cityatm,17,7,2022,127726
930,2022-07-18,Cityatm,18,7,2022,118546
931,2022-07-19,Cityatm,19,7,2022,107338
932,2022-07-20,Cityatm,20,7,2022,98686
933,2022-07-21,Cityatm,21,7,2022,98679
934,2022-07-22,Cityatm,22,7,2022,85094
935,2022-07-23,Cityatm,23,7,2022,177733
936,2022-07-24,Cityatm,24,7,2022,158374
937,2022-07-25,Cityatm,25,7,2022,123220
938,2022-07-26,Cityatm,26,7,2022,113555
939,2022-07-27,Cityatm,27,7,2022,98246
940,2022-07-28,Cityatm,28,7,2022,103403
941,2022-07-29,Cityatm,29,7,2022,115804
942,2022-07-30,Cityatm,30,7,2022,177607
943,2022-07-31,Cityatm,31,7,2022,151402
944,2022-08-01,Cityatm,1,8,2022,99586
945,2022-08-02,Cityatm,2,8,2022,78426
946,2022-08-03,Cityatm,3,8,2022,121961
947,2022-08-04,Cityatm,4,8,2022,100174
948,2022-08-05,Cityatm,5,8,2022,103381
949,2022-08-06,Cityatm,6,8,2022,130059
950,2022-08-07,Cityatm,7,8,2022,146515
951,2022-08-08,Cityatm,8,8,2022,114914
952,2022-08-09,Cityatm,9,8,2022,105566
953,2022-08-10,Cityatm,10,8,2022,99199
954,2022-08-11,Cityatm,11,8,2022,106162
955,2022-08-12,Cityatm,12,8,2022,89043
956,2022-08-13,Cityatm,13,8,2022,177606
957,2022-08-14,Cityatm,14,8,2022,145716
958,2022-08-15,Cityatm,15,8,2022,113242
959,2022-08-16,Cityatm,16,8,2022,85767
960,2022-08-17,Cityatm,17,8,2022,87299
961,2022-08-18,Cityatm,18,8,2022,113704
962,2022-08-19,Cityatm,19,8,2022,87743
963,2022-08-20,Cityatm,20,8,2022,130690
964,2022-08-21,Cityatm,21,8,2022,139208
965,2022-08-22,Cityatm,22,8,2022,119270
966,2022-08-23,Cityatm,23,8,2022,88450
967,2022-08-24,Cityatm,24,8,2022,102010
968,2022-08-25,Cityatm,25,8,2022,80440
969,2022-08-26,Cityatm,26,8,2022,89329
970,2022-08-27,Cityatm,27,8,2022,129508
971,2022-08-28,Cityatm,28,8,2022,153230
972,2022-08-29,Cityatm,29,8,2022,82331
973,2022-08-30,Cityatm,30,8,2022,75757
974,2022-08-31,Cityatm,31,8,2022,83525
975,2022-09-01,Cityatm,1,9,2022,75920
976,2022-09-02,Cityatm,2,9,2022,102889
977,2022-09-03,Cityatm,3,9,2022,160293
978,2022-09-04,Cityatm,4,9,2022,175809
979,2022-09-05,Cityatm,5,9,2022,103872
980,2022-09-06,Cityatm,6,9,2022,99542
981,2022-09-07,Cityatm,7,9,2022,115200
982,2022-09-08,Cityatm,8,9,2022,93344
983,2022-09-09,Cityatm,9,9,2022,104830
984,2022-09-10,Cityatm,10,9,2022,126972
985,2022-09-11,Cityatm,11,9,2022,152157
986,2022-09-12,Cityatm,12,9,2022,104320
987,2022-09-13,Cityatm,13,9,2022,103906
988,2022-09-14,Cityatm,14,9,2022,114755
989,2022-09-15,Cityatm,15,9,2022,107652
990,2022-09-16,Cityatm,16,9,2022,121421
991,2022-09-17,Cityatm,17,9,2022,140627
992,2022-09-18,Cityatm,18,9,2022,151255
993,2022-09-19,Cityatm,19,9,2022,110979
994,2022-09-20,Cityatm,20,9,2022,78253
995,2022-09-21,Cityatm,21,9,2022,114298
996,2022-09-22,Cityatm,22,9,2022,96139
997,2022-09-23,Cityatm,23,9,2022,91763
998,2022-09-24,Cityatm,24,9,2022,159136
999,2022-09-25,Cityatm,25,9,2022,124188
1000,2022-09-26,Cityatm,26,9,2022,88597
1001,2022-09-27,Cityatm,27,9,2022,122096
1002,2022-09-28,Cityatm,28,9,2022,113861
1003,2022-09-29,Cityatm,29,9,2022,82400
1004,2022-09-30,Cityatm,30,9,2022,121593
1005,2022-10-01,Cityatm,1,10,2022,147736
1006,2022-10-02,Cityatm,2,10,2022,136960
1007,2022-10-03,Cityatm,3,10,2022,93711
1008,2022-10-04,Cityatm,4,10,2022,112494
1009,2022-10-05,Cityatm,5,10,2022,103979
1010,2022-10-06,Cityatm,6,10,2022,80406
1011,2022-10-07,Cityatm,7,10,2022,90613
1012,2022-10-08,Cityatm,8,10,2022,136047
1013,2022-10-09,Cityatm,9,10,2022,145135
1014,2022-10-10,Cityatm,10,10,2022,113794
1015,2022-10-11,Cityatm,11,10,2022,100195
1016,2022-10-12,Cityatm,12,10,2022,90432
1017,2022-10-13,Cityatm,13,10,2022,79743
1018,2022-10-14,Cityatm,14,10,2022,115505
1019,2022-10-15,Cityatm,15,10,2022,125101
1020,2022-10-16,Cityatm,16,10,2022,164628
1021,2022-10-17,Cityatm,17,10,2022,91417
1022,2022-10-18,Cityatm,18,10,2022,106465
1023,2022-10-19,Cityatm,19,10,2022,115717
1024,2022-10-20,Cityatm,20,10,2022,94232
1025,2022-10-21,Cityatm,21,10,2022,77642
1026,2022-10-22,Cityatm,22,10,2022,170250
1027,2022-10-23,Cityatm,23,10,2022,179461
1028,2022-10-24,Cityatm,24,10,2022,121750
1029,2022-10-25,Cityatm,25,10,2022,112049
1030,2022-10-26,Cityatm,26,10,2022,99420
1031,2022-10-27,Cityatm,27,10,2022,77633
1032,2022-10-28,Cityatm,28,10,2022,87634
1033,2022-10-29,Cityatm,29,10,2022,157741
1034,2022-10-30,Cityatm,30,10,2022,176234
1035,2022-10-31,Cityatm,31,10,2022,112889
1036,2022-11-01,Cityatm,1,11,2022,102767
1037,2022-11-02,Cityatm,2,11,2022,111017
1038,2022-11-03,Cityatm,3,11,2022,86175
1039,2022-11-04,Cityatm,4,11,2022,103093
1040,2022-11-05,Cityatm,5,11,2022,174804
1041,2022-11-06,Cityatm,6,11,2022,137135
1042,2022-11-07,Cityatm,7,11,2022,101233
1043,2022-11-08,Cityatm,8,11,2022,117774
1044,2022-11-09,Cityatm,9,11,2022,103969
1045,2022-11-10,Cityatm,10,11,2022,107145
1046,2022-11-11,Cityatm,11,11,2022,81240
1047,2022-11-12,Cityatm,12,11,2022,155118
1048,2022-11-13,Cityatm,13,11,2022,166276
1049,2022-11-14,Cityatm,14,11,2022,105375
1050,2022-11-15,Cityatm,15,11,2022,112825
1051,2022-11-16,Cityatm,16,11,2022,105496
1052,2022-11-17,Cityatm,17,11,2022,104585
1053,2022-11-18,Cityatm,18,11,2022,115082
1054,2022-11-19,Cityatm,19,11,2022,174850
1055,2022-11-20,Cityatm,20,11,2022,144646
1056,2022-11-21,Cityatm,21,11,2022,103254
1057,2022-11-22,Cityatm,22,11,2022,93851
1058,2022-11-23,Cityatm,23,11,2022,80160
1059,2022-11-24,Cityatm,24,11,2022,122953
1060,2022-11-25,Cityatm,25,11,2022,117930
1061,2022-11-26,Cityatm,26,11,2022,142445
1062,2022-11-27,Cityatm,27,11,2022,128660
1063,2022-11-28,Cityatm,28,11,2022,79990
1064,2022-11-29,Cityatm,29,11,2022,82094
1065,2022-11-30,Cityatm,30,11,2022,119094
1066,2022-12-01,Cityatm,1,12,2022,113641
1067,2022-12-02,Cityatm,2,12,2022,83379
1068,2022-12-03,Cityatm,3,12,2022,169461
1069,2022-12-04,Cityatm,4,12,2022,145508
1070,2022-12-05,Cityatm,5,12,2022,96572
1071,2022-12-06,Cityatm,6,12,2022,102711
1072,2022-12-07,Cityatm,7,12,2022,84043
1073,2022-12-08,Cityatm,8,12,2022,122868
1074,2022-12-09,Cityatm,9,12,2022,124969
1075,2022-12-10,Cityatm,10,12,2022,175393
1076,2022-12-11,Cityatm,11,12,2022,138606
1077,2022-12-12,Cityatm,12,12,2022,83921
1078,2022-12-13,Cityatm,13,12,2022,83107
1079,2022-12-14,Cityatm,14,12,2022,108931
1080,2022-12-15,Cityatm,15,12,2022,122251
1081,2022-12-16,Cityatm,16,12,2022,124887
1082,2022-12-17,Cityatm,17,12,2022,172534
1083,2022-12-18,Cityatm,18,12,2022,156693
1084,2022-12-19,Cityatm,19,12,2022,94054
1085,2022-12-20,Cityatm,20,12,2022,116663
1086,2022-12-21,Cityatm,21,12,2022,113220
1087,2022-12-22,Cityatm,22,12,2022,122216
1088,2022-12-23,Cityatm,23,12,2022,124587
1089,2022-12-24,Cityatm,24,12,2022,164102
1090,2022-12-25,Cityatm,25,12,2022,159250
1091,2022-12-26,Cityatm,26,12,2022,108224
1092,2022-12-27,Cityatm,27,12,2022,122415
1093,2022-12-28,Cityatm,28,12,2022,99931
1094,2022-12-29,Cityatm,29,12,2022,98697
1095,2022-12-30,Cityatm,30,12,2022,77909
1096,2022-12-31,Cityatm,31,12,2022,173857
1097,2023-01-01,Cityatm,1,1,2023,125876
1098,2023-01-02,Cityatm,2,1,2023,121021
1099,2023-01-03,Cityatm,3,1,2023,79726
1100,2023-01-04,Cityatm,4,1,2023,91787
1101,2023-01-05,Cityatm,5,1,2023,80978
1102,2023-01-06,Cityatm,6,1,2023,124116
1103,2023-01-07,Cityatm,7,1,2023,148510
1104,2023-01-08,Cityatm,8,1,2023,121473
1105,2023-01-09,Cityatm,9,1,2023,120927
1106,2023-01-10,Cityatm,10,1,2023,114495
1107,2023-01-11,Cityatm,11,1,2023,99068
1108,2023-01-12,Cityatm,12,1,2023,76323
1109,2023-01-13,Cityatm,13,1,2023,121500
1110,2023-01-14,Cityatm,14,1,2023,169143
1111,2023-01-15,Cityatm,15,1,2023,129193
1112,2023-01-16,Cityatm,16,1,2023,76297
1113,2023-01-17,Cityatm,17,1,2023,96786
1114,2023-01-18,Cityatm,18,1,2023,119967
1115,2023-01-19,Cityatm,19,1,2023,92727
1116,2023-01-20,Cityatm,20,1,2023,100508
1117,2023-01-21,Cityatm,21,1,2023,152763
1118,2023-01-22,Cityatm,22,1,2023,176401
1119,2023-01-23,Cityatm,23,1,2023,108451
1120,2023-01-24,Cityatm,24,1,2023,122314
1121,2023-01-25,Cityatm,25,1,2023,123718
1122,2023-01-26,Cityatm,26,1,2023,107670
1123,2023-01-27,Cityatm,27,1,2023,91082
1124,2023-01-28,Cityatm,28,1,2023,168276
1125,2023-01-29,Cityatm,29,1,2023,168597
1126,2023-01-30,Cityatm,30,1,2023,90174
1127,2023-01-31,Cityatm,31,1,2023,120409
1128,2023-02-01,Cityatm,1,2,2023,76207
1129,2023-02-02,Cityatm,2,2,2023,110418
1130,2023-02-03,Cityatm,3,2,2023,82734
1131,2023-02-04,Cityatm,4,2,2023,167259
1132,2023-02-05,Cityatm,5,2,2023,173258
1133,2023-02-06,Cityatm,6,2,2023,85838
1134,2023-02-07,Cityatm,7,2,2023,124761
1135,2023-02-08,Cityatm,8,2,2023,102023
1136,2023-02-09,Cityatm,9,2,2023,120803
1137,2023-02-10,Cityatm,10,2,2023,84096
1138,2023-02-11,Cityatm,11,2,2023,178766
1139,2023-02-12,Cityatm,12,2,2023,165464
1140,2023-02-13,Cityatm,13,2,2023,106975
1141,2023-02-14,Cityatm,14,2,2023,109313
1142,2023-02-15,Cityatm,15,2,2023,124591
1143,2023-02-16,Cityatm,16,2,2023,101547
1144,2023-02-17,Cityatm,17,2,2023,112509
1145,2023-02-18,Cityatm,18,2,2023,123028
1146,2023-02-19,Cityatm,19,2,2023,136798
1147,2023-02-20,Cityatm,20,2,2023,92689
1148,2023-02-21,Cityatm,21,2,2023,107810
1149,2023-02-22,Cityatm,22,2,2023,124503
1150,2023-02-23,Cityatm,23,2,2023,115426
1151,2023-02-24,Cityatm,24,2,2023,123146
1152,2023-02-25,Cityatm,25,2,2023,165531
1153,2023-02-26,Cityatm,26,2,2023,121789
1154,2023-02-27,Cityatm,27,2,2023,117510
1155,2023-02-28,Cityatm,28,2,2023,86980
1156,2023-03-01,Cityatm,1,3,2023,92481
1157,2023-03-02,Cityatm,2,3,2023,78937
1158,2023-03-03,Cityatm,3,3,2023,86034
1159,2023-03-04,Cityatm,4,3,2023,126338
1160,2023-03-05,Cityatm,5,3,2023,151997
1161,2023-03-06,Cityatm,6,3,2023,76351
1162,2023-03-07,Cityatm,7,3,2023,111079
1163,2023-03-08,Cityatm,8,3,2023,87496
1164,2023-03-09,Cityatm,9,3,2023,80883
1165,2023-03-10,Cityatm,10,3,2023,105188
1166,2023-03-11,Cityatm,11,3,2023,142998
1167,2023-03-12,Cityatm,12,3,2023,176405
1168,2023-03-13,Cityatm,13,3,2023,90473
1169,2023-03-14,Cityatm,14,3,2023,106432
1170,2023-03-15,Cityatm,15,3,2023,96501
1171,2023-03-16,Cityatm,16,3,2023,116619
1172,2023-03-17,Cityatm,17,3,2023,81657
1173,2023-03-18,Cityatm,18,3,2023,132585
1174,2023-03-19,Cityatm,19,3,2023,133332
1175,2023-03-20,Cityatm,20,3,2023,103464
1176,2023-03-21,Cityatm,21,3,2023,99553
1177,2023-03-22,Cityatm,22,3,2023,99421
1178,2023-03-23,Cityatm,23,3,2023,94537
1179,2023-03-24,Cityatm,24,3,2023,103518
1180,2023-03-25,Cityatm,25,3,2023,147554
1181,2023-03-26,Cityatm,26,3,2023,159367
1182,2023-03-27,Cityatm,27,3,2023,116719
1183,2023-03-28,Cityatm,28,3,2023,106363
1184,2023-03-29,Cityatm,29,3,2023,91287
1185,2023-03-30,Cityatm,30,3,2023,90070
1186,2023-03-31,Cityatm,31,3,2023,80892
1187,2023-04-01,Cityatm,1,4,2023,156642
1188,2023-04-02,Cityatm,2,4,2023,121944
1189,2023-04-03,Cityatm,3,4,2023,83364
1190,2023-04-04,Cityatm,4,4,2023,97382
1191,2023-04-05,Cityatm,5,4,2023,77850
1192,2023-04-06,Cityatm,6,4,2023,124171
1193,2023-04-07,Cityatm,7,4,2023,85581
1194,2023-04-08,Cityatm,8,4,2023,149129
1195,2023-04-09,Cityatm,9,4,2023,147734
1196,2023-04-10,Cityatm,10,4,2023,89012
1197,2023-04-11,Cityatm,11,4,2023,90763
1198,2023-04-12,Cityatm,12,4,2023,115408
1199,2023-04-13,Cityatm,13,4,2023,122862
1200,2023-04-14,Cityatm,14,4,2023,85133
1201,2023-04-15,Cityatm,15,4,2023,127477
1202,2023-04-16,Cityatm,16,4,2023,123039
1203,2023-04-17,Cityatm,17,4,2023,112983
1204,2023-04-18,Cityatm,18,4,2023,78869
1205,2023-04-19,Cityatm,19,4,2023,104867
1206,2023-04-20,Cityatm,20,4,2023,111260
1207,2023-04-21,Cityatm,21,4,2023,111781
1208,2023-04-22,Cityatm,22,4,2023,158905
1209,2023-04-23,Cityatm,23,4,2023,137241
1210,2023-04-24,Cityatm,24,4,2023,111171
1211,2023-04-25,Cityatm,25,4,2023,97637
1212,2023-04-26,Cityatm,26,4,2023,75487
1213,2023-04-27,Cityatm,27,4,2023,75867
1214,2023-04-28,Cityatm,28,4,2023,78678
1215,2023-04-29,Cityatm,29,4,2023,131788
1216,2023-04-30,Cityatm,30,4,2023,169585
1217,2023-05-01,Cityatm,1,5,2023,109006
1218,2023-05-02,Cityatm,2,5,2023,77959
1219,2023-05-03,Cityatm,3,5,2023,112034
1220,2023-05-04,Cityatm,4,5,2023,84081
1221,2023-05-05,Cityatm,5,5,2023,116201
1222,2023-05-06,Cityatm,6,5,2023,121259
1223,2023-05-07,Cityatm,7,5,2023,178291
1224,2023-05-08,Cityatm,8,5,2023,103229
1225,2023-05-09,Cityatm,9,5,2023,87826
1226,2023-05-10,Cityatm,10,5,2023,90158
1227,2023-05-11,Cityatm,11,5,2023,87931
1228,2023-05-12,Cityatm,12,5,2023,122983
1229,2023-05-13,Cityatm,13,5,2023,121394
1230,2023-05-14,Cityatm,14,5,2023,123095
1231,2023-05-15,Cityatm,15,5,2023,82187
1232,2023-05-16,Cityatm,16,5,2023,91706
1233,2023-05-17,Cityatm,17,5,2023,83384
1234,2023-05-18,Cityatm,18,5,2023,86844
1235,2023-05-19,Cityatm,19,5,2023,103307
1236,2023-05-20,Cityatm,20,5,2023,142594
1237,2023-05-21,Cityatm,21,5,2023,133398
1238,2023-05-22,Cityatm,22,5,2023,89660
1239,2023-05-23,Cityatm,23,5,2023,123647
1240,2023-05-24,Cityatm,24,5,2023,81553
1241,2023-05-25,Cityatm,25,5,2023,113194
1242,2023-05-26,Cityatm,26,5,2023,101348
1243,2023-05-27,Cityatm,27,5,2023,133939
1244,2023-05-28,Cityatm,28,5,2023,120732
1245,2023-05-29,Cityatm,29,5,2023,83293
1246,2023-05-30,Cityatm,30,5,2023,91030
1247,2023-05-31,Cityatm,31,5,2023,92002
1248,2023-06-01,Cityatm,1,6,2023,93139
1249,2023-06-02,Cityatm,2,6,2023,110713
1250,2023-06-03,Cityatm,3,6,2023,124804
1251,2023-06-04,Cityatm,4,6,2023,156052
1252,2023-06-05,Cityatm,5,6,2023,116405
1253,2023-06-06,Cityatm,6,6,2023,98978
1254,2023-06-07,Cityatm,7,6,2023,81571
1255,2023-06-08,Cityatm,8,6,2023,124093
1256,2023-06-09,Cityatm,9,6,2023,123176
1257,2023-06-10,Cityatm,10,6,2023,142778
1258,2023-06-11,Cityatm,11,6,2023,155003
1259,2023-06-12,Cityatm,12,6,2023,77184
1260,2023-06-13,Cityatm,13,6,2023,89942
1261,2023-06-14,Cityatm,14,6,2023,110139
1262,2023-06-15,Cityatm,15,6,2023,89520
1263,2023-06-16,Cityatm,16,6,2023,116158
1264,2023-06-17,Cityatm,17,6,2023,123648
1265,2023-06-18,Cityatm,18,6,2023,162150
1266,2023-06-19,Cityatm,19,6,2023,121089
1267,2023-06-20,Cityatm,20,6,2023,108612
1268,2023-06-21,Cityatm,21,6,2023,101208
1269,2023-06-22,Cityatm,22,6,2023,88385
1270,2023-06-23,Cityatm,23,6,2023,94117
1271,2023-06-24,Cityatm,24,6,2023,129291
1272,2023-06-25,Cityatm,25,6,2023,143312
1273,2023-06-26,Cityatm,26,6,2023,108206
1274,2023-06-27,Cityatm,27,6,2023,114933
1275,2023-06-28,Cityatm,28,6,2023,108745
1276,2023-06-29,Cityatm,29,6,2023,86728
1277,2023-06-30,Cityatm,30,6,2023,92671
1278,2023-07-01,Cityatm,1,7,2023,159708
1279,2023-07-02,Cityatm,2,7,2023,127805
1280,2023-07-03,Cityatm,3,7,2023,97896
1281,2023-07-04,Cityatm,4,7,2023,107508
1282,2023-07-05,Cityatm,5,7,2023,104744
1283,2023-07-06,Cityatm,6,7,2023,116570
1284,2023-07-07,Cityatm,7,7,2023,90529
1285,2023-07-08,Cityatm,8,7,2023,172137
1286,2023-07-09,Cityatm,9,7,2023,179168
1287,2023-07-10,Cityatm,10,7,2023,117076
1288,2023-07-11,Cityatm,11,7,2023,93801
1289,2023-07-12,Cityatm,12,7,2023,82546
1290,2023-07-13,Cityatm,13,7,2023,83348
1291,2023-07-14,Cityatm,14,7,2023,122514
1292,2023-07-15,Cityatm,15,7,2023,144647
1293,2023-07-16,Cityatm,16,7,2023,151307
1294,2023-07-17,Cityatm,17,7,2023,83308
1295,2023-07-18,Cityatm,18,7,2023,109953
1296,2023-07-19,Cityatm,19,7,2023,97196
1297,2023-07-20,Cityatm,20,7,2023,113553
1298,2023-07-21,Cityatm,21,7,2023,96247
1299,2023-07-22,Cityatm,22,7,2023,122184
1300,2023-07-23,Cityatm,23,7,2023,148470
1301,2023-07-24,Cityatm,24,7,2023,92018
1302,2023-07-25,Cityatm,25,7,2023,100941
1303,2023-07-26,Cityatm,26,7,2023,88239
1304,2023-07-27,Cityatm,27,7,2023,98085
1305,2023-07-28,Cityatm,28,7,2023,101050
1306,2023-07-29,Cityatm,29,7,2023,134766
1307,2023-07-30,Cityatm,30,7,2023,124365
1308,2023-07-31,Cityatm,31,7,2023,113087
1309,2023-08-01,Cityatm,1,8,2023,78299
1310,2023-08-02,Cityatm,2,8,2023,114431
1311,2023-08-03,Cityatm,3,8,2023,81265
1312,2023-08-04,Cityatm,4,8,2023,110187
1313,2023-08-05,Cityatm,5,8,2023,150821
1314,2023-08-06,Cityatm,6,8,2023,151002
1315,2023-08-07,Cityatm,7,8,2023,81388
1316,2023-08-08,Cityatm,8,8,2023,121010
1317,2023-08-09,Cityatm,9,8,2023,108332
1318,2023-08-10,Cityatm,10,8,2023,83459
1319,2023-08-11,Cityatm,11,8,2023,93146
1320,2023-08-12,Cityatm,12,8,2023,151361
1321,2023-08-13,Cityatm,13,8,2023,175488
1322,2023-08-14,Cityatm,14,8,2023,109442
1323,2023-08-15,Cityatm,15,8,2023,124373
1324,2023-08-16,Cityatm,16,8,2023,89962
1325,2023-08-17,Cityatm,17,8,2023,101352
1326,2023-08-18,Cityatm,18,8,2023,110804
1327,2023-08-19,Cityatm,19,8,2023,176208
1328,2023-08-20,Cityatm,20,8,2023,121757
1329,2023-08-21,Cityatm,21,8,2023,75670
1330,2023-08-22,Cityatm,22,8,2023,98912
1331,2023-08-23,Cityatm,23,8,2023,108633
1332,2023-08-24,Cityatm,24,8,2023,103942
1333,2023-08-25,Cityatm,25,8,2023,97634
1334,2023-08-26,Cityatm,26,8,2023,123304
1335,2023-08-27,Cityatm,27,8,2023,143477
1336,2023-08-28,Cityatm,28,8,2023,102050
1337,2023-08-29,Cityatm,29,8,2023,75700
1338,2023-08-30,Cityatm,30,8,2023,103819
1339,2023-08-31,Cityatm,31,8,2023,95284
1340,2023-09-01,Cityatm,1,9,2023,103539
1341,2023-09-02,Cityatm,2,9,2023,150124
1342,2023-09-03,Cityatm,3,9,2023,123866
1343,2023-09-04,Cityatm,4,9,2023,94120
1344,2023-09-05,Cityatm,5,9,2023,76182
1345,2023-09-06,Cityatm,6,9,2023,123548
1346,2023-09-07,Cityatm,7,9,2023,94140
1347,2023-09-08,Cityatm,8,9,2023,90466
1348,2023-09-09,Cityatm,9,9,2023,150362
1349,2023-09-10,Cityatm,10,9,2023,136000
1350,2023-09-11,Cityatm,11,9,2023,76849
1351,2023-09-12,Cityatm,12,9,2023,96795
1352,2023-09-13,Cityatm,13,9,2023,121329
1353,2023-09-14,Cityatm,14,9,2023,99625
1354,2023-09-15,Cityatm,15,9,2023,76027
1355,2023-09-16,Cityatm,16,9,2023,146850
1356,2023-09-17,Cityatm,17,9,2023,146255
1357,2023-09-18,Cityatm,18,9,2023,93301
1358,2023-09-19,Cityatm,19,9,2023,113555
1359,2023-09-20,Cityatm,20,9,2023,114807
1360,2023-09-21,Cityatm,21,9,2023,108226
1361,2023-09-22,Cityatm,22,9,2023,113718
1362,2023-09-23,Cityatm,23,9,2023,134635
1363,2023-09-24,Cityatm,24,9,2023,141270
1364,2023-09-25,Cityatm,25,9,2023,81284
1365,2023-09-26,Cityatm,26,9,2023,82242
1366,2023-09-27,Cityatm,27,9,2023,120201
1367,2023-09-28,Cityatm,28,9,2023,98301
1368,2023-09-29,Cityatm,29,9,2023,101616
1369,2023-09-30,Cityatm,30,9,2023,162742
1370,2023-10-01,Cityatm,1,10,2023,141646
1371,2023-10-02,Cityatm,2,10,2023,118578
1372,2023-10-03,Cityatm,3,10,2023,91627
1373,2023-10-04,Cityatm,4,10,2023,90482
1374,2023-10-05,Cityatm,5,10,2023,123423
1375,2023-10-06,Cityatm,6,10,2023,83502
1376,2023-10-07,Cityatm,7,10,2023,157685
1377,2023-10-08,Cityatm,8,10,2023,174735
1378,2023-10-09,Cityatm,9,10,2023,122315
1379,2023-10-10,Cityatm,10,10,2023,115380
1380,2023-10-11,Cityatm,11,10,2023,108738
1381,2023-10-12,Cityatm,12,10,2023,124082
1382,2023-10-13,Cityatm,13,10,2023,85213
1383,2023-10-14,Cityatm,14,10,2023,158431
1384,2023-10-15,Cityatm,15,10,2023,120968
1385,2023-10-16,Cityatm,16,10,2023,83189
1386,2023-10-17,Cityatm,17,10,2023,98898
1387,2023-10-18,Cityatm,18,10,2023,97137
1388,2023-10-19,Cityatm,19,10,2023,114395
1389,2023-10-20,Cityatm,20,10,2023,93599
1390,2023-10-21,Cityatm,21,10,2023,163355
1391,2023-10-22,Cityatm,22,10,2023,166175
1392,2023-10-23,Cityatm,23,10,2023,121867
1393,2023-10-24,Cityatm,24,10,2023,118773
1394,2023-10-25,Cityatm,25,10,2023,95624
1395,2023-10-26,Cityatm,26,10,2023,116757
1396,2023-10-27,Cityatm,27,10,2023,109634
1397,2023-10-28,Cityatm,28,10,2023,125727
1398,2023-10-29,Cityatm,29,10,2023,124687
1399,2023-10-30,Cityatm,30,10,2023,93896
1400,2023-10-31,Cityatm,31,10,2023,78761
1401,2023-11-01,Cityatm,1,11,2023,77257
1402,2023-11-02,Cityatm,2,11,2023,115645
1403,2023-11-03,Cityatm,3,11,2023,83241
1404,2023-11-04,Cityatm,4,11,2023,163661
1405,2023-11-05,Cityatm,5,11,2023,141802
1406,2023-11-06,Cityatm,6,11,2023,110893
1407,2023-11-07,Cityatm,7,11,2023,113623
1408,2023-11-08,Cityatm,8,11,2023,78942
1409,2023-11-09,Cityatm,9,11,2023,120605
1410,2023-11-10,Cityatm,10,11,2023,93871
1411,2023-11-11,Cityatm,11,11,2023,127670
1412,2023-11-12,Cityatm,12,11,2023,120259
1413,2023-11-13,Cityatm,13,11,2023,124510
1414,2023-11-14,Cityatm,14,11,2023,114021
1415,2023-11-15,Cityatm,15,11,2023,101976
1416,2023-11-16,Cityatm,16,11,2023,119963
1417,2023-11-17,Cityatm,17,11,2023,76679
1418,2023-11-18,Cityatm,18,11,2023,176329
1419,2023-11-19,Cityatm,19,11,2023,121495
1420,2023-11-20,Cityatm,20,11,2023,111299
1421,2023-11-21,Cityatm,21,11,2023,105804
1422,2023-11-22,Cityatm,22,11,2023,89586
1423,2023-11-23,Cityatm,23,11,2023,98455
1424,2023-11-24,Cityatm,24,11,2023,123324
1425,2023-11-25,Cityatm,25,11,2023,161168
1426,2023-11-26,Cityatm,26,11,2023,150124
1427,2023-11-27,Cityatm,27,11,2023,82840
1428,2023-11-28,Cityatm,28,11,2023,90890
1429,2023-11-29,Cityatm,29,11,2023,123245
1430,2023-11-30,Cityatm,30,11,2023,76554
1431,2023-12-01,Cityatm,1,12,2023,118912
1432,2023-12-02,Cityatm,2,12,2023,164968
1433,2023-12-03,Cityatm,3,12,2023,167000
1434,2023-12-04,Cityatm,4,12,2023,91992
1435,2023-12-05,Cityatm,5,12,2023,106315
1436,2023-12-06,Cityatm,6,12,2023,114771
1437,2023-12-07,Cityatm,7,12,2023,81391
1438,2023-12-08,Cityatm,8,12,2023,122016
1439,2023-12-09,Cityatm,9,12,2023,176860
1440,2023-12-10,Cityatm,10,12,2023,160698
1441,2023-12-11,Cityatm,11,12,2023,105434
1442,2023-12-12,Cityatm,12,12,2023,103862
1443,2023-12-13,Cityatm,13,12,2023,93134
1444,2023-12-14,Cityatm,14,12,2023,90605
1445,2023-12-15,Cityatm,15,12,2023,113961
1446,2023-12-16,Cityatm,16,12,2023,149060
1447,2023-12-17,Cityatm,17,12,2023,179055
1448,2023-12-18,Cityatm,18,12,2023,92342
1449,2023-12-19,Cityatm,19,12,2023,83054
1450,2023-12-20,Cityatm,20,12,2023,95080
1451,2023-12-21,Cityatm,21,12,2023,100602
1452,2023-12-22,Cityatm,22,12,2023,103043
1453,2023-12-23,Cityatm,23,12,2023,174715
1454,2023-12-24,Cityatm,24,12,2023,165754
1455,2023-12-25,Cityatm,25,12,2023,80032
1456,2023-12-26,Cityatm,26,12,2023,118178
1457,2023-12-27,Cityatm,27,12,2023,103673
1458,2023-12-28,Cityatm,28,12,2023,86782
1459,2023-12-29,Cityatm,29,12,2023,121198
1460,2023-12-30,Cityatm,30,12,2023,129547
1461,2023-12-31,Cityatm,31,12,2023,125923
1462,2024-01-01,Cityatm,1,1,2024,104576
1463,2024-01-02,Cityatm,2,1,2024,97554
1464,2024-01-03,Cityatm,3,1,2024,103502
1465,2024-01-04,Cityatm,4,1,2024,89304
1466,2024-01-05,Cityatm,5,1,2024,84734
1467,2024-01-06,Cityatm,6,1,2024,175624
1468,2024-01-07,Cityatm,7,1,2024,160233
1469,2024-01-08,Cityatm,8,1,2024,103055
1470,2024-01-09,Cityatm,9,1,2024,96215
1471,2024-01-10,Cityatm,10,1,2024,108804
1472,2024-01-11,Cityatm,11,1,2024,82682
1473,2024-01-12,Cityatm,12,1,2024,108739
1474,2024-01-13,Cityatm,13,1,2024,146677
1475,2024-01-14,Cityatm,14,1,2024,145894
1476,2024-01-15,Cityatm,15,1,2024,114964
1477,2024-01-16,Cityatm,16,1,2024,102444
1478,2024-01-17,Cityatm,17,1,2024,95867
1479,2024-01-18,Cityatm,18,1,2024,113891
1480,2024-01-19,Cityatm,19,1,2024,100105
1481,2024-01-20,Cityatm,20,1,2024,164904
1482,2024-01-21,Cityatm,21,1,2024,152809
1483,2024-01-22,Cityatm,22,1,2024,102289
1484,2024-01-23,Cityatm,23,1,2024,106004
1485,2024-01-24,Cityatm,24,1,2024,118114
1486,2024-01-25,Cityatm,25,1,2024,79998
1487,2024-01-26,Cityatm,26,1,2024,103851
1488,2024-01-27,Cityatm,27,1,2024,139391
1489,2024-01-28,Cityatm,28,1,2024,161426
1490,2024-01-29,Cityatm,29,1,2024,78635
1491,2024-01-30,Cityatm,30,1,2024,77926
1492,2024-01-31,Cityatm,31,1,2024,80552
1493,2024-02-01,Cityatm,1,2,2024,92268
1494,2024-02-02,Cityatm,2,2,2024,119936
1495,2024-02-03,Cityatm,3,2,2024,178599
1496,2024-02-04,Cityatm,4,2,2024,140263
1497,2024-02-05,Cityatm,5,2,2024,95213
1498,2024-02-06,Cityatm,6,2,2024,83003
1499,2024-02-07,Cityatm,7,2,2024,78051
1500,2024-02-08,Cityatm,8,2,2024,124732
1501,2024-02-09,Cityatm,9,2,2024,111049
1502,2024-02-10,Cityatm,10,2,2024,131587
1503,2024-02-11,Cityatm,11,2,2024,130426
1504,2024-02-12,Cityatm,12,2,2024,110555
1505,2024-02-13,Cityatm,13,2,2024,111164
1506,2024-02-14,Cityatm,14,2,2024,86295
1507,2024-02-15,Cityatm,15,2,2024,110814
1508,2024-02-16,Cityatm,16,2,2024,85683
1509,2024-02-17,Cityatm,17,2,2024,173021
1510,2024-02-18,Cityatm,18,2,2024,176355
1511,2024-02-19,Cityatm,19,2,2024,104833
1512,2024-02-20,Cityatm,20,2,2024,109998
1513,2024-02-21,Cityatm,21,2,2024,107625
1514,2024-02-22,Cityatm,22,2,2024,106269
1515,2024-02-23,Cityatm,23,2,2024,116662
1516,2024-02-24,Cityatm,24,2,2024,122104
1517,2024-02-25,Cityatm,25,2,2024,122876
1518,2024-02-26,Cityatm,26,2,2024,79370
1519,2024-02-27,Cityatm,27,2,2024,86432
1520,2024-02-28,Cityatm,28,2,2024,122846
1521,2024-02-29,Cityatm,29,2,2024,116642
1522,2024-03-01,Cityatm,1,3,2024,121062
1523,2024-03-02,Cityatm,2,3,2024,150719
1524,2024-03-03,Cityatm,3,3,2024,154763
1525,2024-03-04,Cityatm,4,3,2024,82397
1526,2024-03-05,Cityatm,5,3,2024,106154
1527,2024-03-06,Cityatm,6,3,2024,91244
1528,2024-03-07,Cityatm,7,3,2024,89207
1529,2024-03-08,Cityatm,8,3,2024,108892
1530,2024-03-09,Cityatm,9,3,2024,135234
1531,2024-03-10,Cityatm,10,3,2024,122635
1532,2024-03-11,Cityatm,11,3,2024,119644
1533,2024-03-12,Cityatm,12,3,2024,104880
1534,2024-03-13,Cityatm,13,3,2024,114839
1535,2024-03-14,Cityatm,14,3,2024,99810
1536,2024-03-15,Cityatm,15,3,2024,112341
1537,2024-03-16,Cityatm,16,3,2024,171869
1538,2024-03-17,Cityatm,17,3,2024,172159
1539,2024-03-18,Cityatm,18,3,2024,89216
1540,2024-03-19,Cityatm,19,3,2024,115697
1541,2024-03-20,Cityatm,20,3,2024,100537
1542,2024-03-21,Cityatm,21,3,2024,120898
1543,2024-03-22,Cityatm,22,3,2024,102551
1544,2024-03-23,Cityatm,23,3,2024,133411
1545,2024-03-24,Cityatm,24,3,2024,136026
1546,2024-03-25,Cityatm,25,3,2024,100455
1547,2024-03-26,Cityatm,26,3,2024,83229
1548,2024-03-27,Cityatm,27,3,2024,103219
1549,2024-03-28,Cityatm,28,3,2024,107585
1550,2024-03-29,Cityatm,29,3,2024,115509
1551,2024-03-30,Cityatm,30,3,2024,162076
1552,2024-03-31,Cityatm,31,3,2024,158465
1553,2024-04-01,Cityatm,1,4,2024,77825
1554,2024-04-02,Cityatm,2,4,2024,114593
1555,2024-04-03,Cityatm,3,4,2024,109368
1556,2024-04-04,Cityatm,4,4,2024,95470
1557,2024-04-05,Cityatm,5,4,2024,80599
1558,2024-04-06,Cityatm,6,4,2024,129804
1559,2024-04-07,Cityatm,7,4,2024,129268
1560,2024-04-08,Cityatm,8,4,2024,105860
1561,2024-04-09,Cityatm,9,4,2024,89790
1562,2024-04-10,Cityatm,10,4,2024,119960
1563,2024-04-11,Cityatm,11,4,2024,99486
1564,2024-04-12,Cityatm,12,4,2024,105171
1565,2024-04-13,Cityatm,13,4,2024,142074
1566,2024-04-14,Cityatm,14,4,2024,156033
1567,2024-04-15,Cityatm,15,4,2024,124458
1568,2024-04-16,Cityatm,16,4,2024,119749
1569,2024-04-17,Cityatm,17,4,2024,104528
1570,2024-04-18,Cityatm,18,4,2024,96812
1571,2024-04-19,Cityatm,19,4,2024,115701
1572,2024-04-20,Cityatm,20,4,2024,132866
1573,2024-04-21,Cityatm,21,4,2024,128204
1574,2024-04-22,Cityatm,22,4,2024,93100
1575,2024-04-23,Cityatm,23,4,2024,118268
1576,2024-04-24,Cityatm,24,4,2024,110648
1577,2024-04-25,Cityatm,25,4,2024,98426
1578,2024-04-26,Cityatm,26,4,2024,103684
1579,2024-04-27,Cityatm,27,4,2024,125632
1580,2024-04-28,Cityatm,28,4,2024,179786
1581,2024-04-29,Cityatm,29,4,2024,103658
1582,2024-04-30,Cityatm,30,4,2024,87603
1583,2024-05-01,Cityatm,1,5,2024,119191
1584,2024-05-02,Cityatm,2,5,2024,109681
1585,2024-05-03,Cityatm,3,5,2024,108076
1586,2024-05-04,Cityatm,4,5,2024,139491
1587,2024-05-05,Cityatm,5,5,2024,125193
1588,2024-05-06,Cityatm,6,5,2024,94008
1589,2024-05-07,Cityatm,7,5,2024,88944
1590,2024-05-08,Cityatm,8,5,2024,122321
1591,2024-05-09,Cityatm,9,5,2024,80994
1592,2024-05-10,Cityatm,10,5,2024,85658
1593,2024-05-11,Cityatm,11,5,2024,166751
1594,2024-05-12,Cityatm,12,5,2024,121908
1595,2024-05-13,Cityatm,13,5,2024,91945
1596,2024-05-14,Cityatm,14,5,2024,82543
1597,2024-05-15,Cityatm,15,5,2024,120252
1598,2024-05-16,Cityatm,16,5,2024,114468
1599,2024-05-17,Cityatm,17,5,2024,78588
1600,2024-05-18,Cityatm,18,5,2024,148509
1601,2024-05-19,Cityatm,19,5,2024,148031
1602,2024-05-20,Cityatm,20,5,2024,83085
1603,2024-05-21,Cityatm,21,5,2024,119859
1604,2024-05-22,Cityatm,22,5,2024,107827
1605,2024-05-23,Cityatm,23,5,2024,75353
1606,2024-05-24,Cityatm,24,5,2024,119988
1607,2024-05-25,Cityatm,25,5,2024,155195
1608,2024-05-26,Cityatm,26,5,2024,146046
1609,2024-05-27,Cityatm,27,5,2024,97470
1610,2024-05-28,Cityatm,28,5,2024,91967
1611,2024-05-29,Cityatm,29,5,2024,104679
1612,2024-05-30,Cityatm,30,5,2024,81661
1613,2024-05-31,Cityatm,31,5,2024,77051
1614,2024-06-01,Cityatm,1,6,2024,136684
1615,2024-06-02,Cityatm,2,6,2024,123993
1616,2024-06-03,Cityatm,3,6,2024,80458
1617,2024-06-04,Cityatm,4,6,2024,112910
1618,2024-06-05,Cityatm,5,6,2024,99878
1619,2024-06-06,Cityatm,6,6,2024,90709
1620,2024-06-07,Cityatm,7,6,2024,107037
1621,2024-06-08,Cityatm,8,6,2024,165359
1622,2024-06-09,Cityatm,9,6,2024,130393
1623,2024-06-10,Cityatm,10,6,2024,123986
1624,2024-06-11,Cityatm,11,6,2024,77069
1625,2024-06-12,Cityatm,12,6,2024,113875
1626,2024-06-13,Cityatm,13,6,2024,94855
1627,2024-06-14,Cityatm,14,6,2024,80326
1628,2024-06-15,Cityatm,15,6,2024,142423
1629,2024-06-16,Cityatm,16,6,2024,164795
1630,2024-06-17,Cityatm,17,6,2024,75077
1631,2024-06-18,Cityatm,18,6,2024,102023
1632,2024-06-19,Cityatm,19,6,2024,94286
1633,2024-06-20,Cityatm,20,6,2024,108048
1634,2024-06-21,Cityatm,21,6,2024,85073
1635,2024-06-22,Cityatm,22,6,2024,149409
1636,2024-06-23,Cityatm,23,6,2024,167285
1637,2024-06-24,Cityatm,24,6,2024,114370
1638,2024-06-25,Cityatm,25,6,2024,106444
1639,2024-06-26,Cityatm,26,6,2024,112898
1640,2024-06-27,Cityatm,27,6,2024,121636
1641,2024-06-28,Cityatm,28,6,2024,115858
1642,2024-06-29,Cityatm,29,6,2024,147068
1643,2024-06-30,Cityatm,30,6,2024,169321
1644,2024-07-01,Cityatm,1,7,2024,122811
1645,2024-07-02,Cityatm,2,7,2024,102363
1646,2024-07-03,Cityatm,3,7,2024,75153
1647,2024-07-04,Cityatm,4,7,2024,91285
1648,2024-07-05,Cityatm,5,7,2024,92172
1649,2024-07-06,Cityatm,6,7,2024,172945
1650,2024-07-07,Cityatm,7,7,2024,152457
1651,2024-07-08,Cityatm,8,7,2024,95816
1652,2024-07-09,Cityatm,9,7,2024,89500
1653,2024-07-10,Cityatm,10,7,2024,119706
1654,2024-07-11,Cityatm,11,7,2024,92172
1655,2024-07-12,Cityatm,12,7,2024,97657
1656,2024-07-13,Cityatm,13,7,2024,162306
1657,2024-07-14,Cityatm,14,7,2024,128597
1658,2024-07-15,Cityatm,15,7,2024,121184
1659,2024-07-16,Cityatm,16,7,2024,91396
1660,2024-07-17,Cityatm,17,7,2024,91249
1661,2024-07-18,Cityatm,18,7,2024,113537
1662,2024-07-19,Cityatm,19,7,2024,98957
1663,2024-07-20,Cityatm,20,7,2024,148658
1664,2024-07-21,Cityatm,21,7,2024,160681
1665,2024-07-22,Cityatm,22,7,2024,115478
1666,2024-07-23,Cityatm,23,7,2024,101615
1667,2024-07-24,Cityatm,24,7,2024,112483
1668,2024-07-25,Cityatm,25,7,2024,107876
1669,2024-07-26,Cityatm,26,7,2024,97445
1670,2024-07-27,Cityatm,27,7,2024,136705
1671,2024-07-28,Cityatm,28,7,2024,178232
1672,2024-07-29,Cityatm,29,7,2024,84709
1673,2024-07-30,Cityatm,30,7,2024,79801
1674,2024-07-31,Cityatm,31,7,2024,92312
1675,2024-08-01,Cityatm,1,8,2024,89328
1676,2024-08-02,Cityatm,2,8,2024,90224
1677,2024-08-03,Cityatm,3,8,2024,156794
1678,2024-08-04,Cityatm,4,8,2024,152508
1679,2024-08-05,Cityatm,5,8,2024,114088
1680,2024-08-06,Cityatm,6,8,2024,94264
1681,2024-08-07,Cityatm,7,8,2024,96639
1682,2024-08-08,Cityatm,8,8,2024,124465
1683,2024-08-09,Cityatm,9,8,2024,100970
1684,2024-08-10,Cityatm,10,8,2024,152367
1685,2024-08-11,Cityatm,11,8,2024,148573
1686,2024-08-12,Cityatm,12,8,2024,80049
1687,2024-08-13,Cityatm,13,8,2024,111561
1688,2024-08-14,Cityatm,14,8,2024,75357
1689,2024-08-15,Cityatm,15,8,2024,120908
1690,2024-08-16,Cityatm,16,8,2024,102555
1691,2024-08-17,Cityatm,17,8,2024,151914
1692,2024-08-18,Cityatm,18,8,2024,136844
1693,2024-08-19,Cityatm,19,8,2024,100129
1694,2024-08-20,Cityatm,20,8,2024,114404
1695,2024-08-21,Cityatm,21,8,2024,113123
1696,2024-08-22,Cityatm,22,8,2024,82947
1697,2024-08-23,Cityatm,23,8,2024,75749
1698,2024-08-24,Cityatm,24,8,2024,145859
1699,2024-08-25,Cityatm,25,8,2024,165518
1700,2024-08-26,Cityatm,26,8,2024,76531
1701,2024-08-27,Cityatm,27,8,2024,87593
1702,2024-08-28,Cityatm,28,8,2024,122169
1703,2024-08-29,Cityatm,29,8,2024,110999
1704,2024-08-30,Cityatm,30,8,2024,103373
1705,2024-08-31,Cityatm,31,8,2024,162632
1706,2024-09-01,Cityatm,1,9,2024,121803
1707,2024-09-02,Cityatm,2,9,2024,124221
1708,2024-09-03,Cityatm,3,9,2024,82310
1709,2024-09-04,Cityatm,4,9,2024,96601
1710,2024-09-05,Cityatm,5,9,2024,91788
1711,2024-09-06,Cityatm,6,9,2024,106642
1712,2024-09-07,Cityatm,7,9,2024,174332
1713,2024-09-08,Cityatm,8,9,2024,125387
1714,2024-09-09,Cityatm,9,9,2024,97493
1715,2024-09-10,Cityatm,10,9,2024,91698
1716,2024-09-11,Cityatm,11,9,2024,89260
1717,2024-09-12,Cityatm,12,9,2024,91493
1718,2024-09-13,Cityatm,13,9,2024,77070
1719,2024-09-14,Cityatm,14,9,2024,136451
1720,2024-09-15,Cityatm,15,9,2024,139815
1721,2024-09-16,Cityatm,16,9,2024,99877
1722,2024-09-17,Cityatm,17,9,2024,92449
1723,2024-09-18,Cityatm,18,9,2024,97284
1724,2024-09-19,Cityatm,19,9,2024,124761
1725,2024-09-20,Cityatm,20,9,2024,94612
1726,2024-09-21,Cityatm,21,9,2024,166079
1727,2024-09-22,Cityatm,22,9,2024,126038
1728,2024-09-23,Cityatm,23,9,2024,122523
1729,2024-09-24,Cityatm,24,9,2024,82796
1730,2024-09-25,Cityatm,25,9,2024,121170
1731,2024-09-26,Cityatm,26,9,2024,115344
1732,2024-09-27,Cityatm,27,9,2024,107786
1733,2024-09-28,Cityatm,28,9,2024,146274
1734,2024-09-29,Cityatm,29,9,2024,139883
1735,2024-09-30,Cityatm,30,9,2024,117141
1736,2024-10-01,Cityatm,1,10,2024,102903
1737,2024-10-02,Cityatm,2,10,2024,106688
1738,2024-10-03,Cityatm,3,10,2024,85686
1739,2024-10-04,Cityatm,4,10,2024,78496
1740,2024-10-05,Cityatm,5,10,2024,159163
1741,2024-10-06,Cityatm,6,10,2024,176431
1742,2024-10-07,Cityatm,7,10,2024,112973
1743,2024-10-08,Cityatm,8,10,2024,79148
1744,2024-10-09,Cityatm,9,10,2024,121924
1745,2024-10-10,Cityatm,10,10,2024,124212
1746,2024-10-11,Cityatm,11,10,2024,114375
1747,2024-10-12,Cityatm,12,10,2024,145464
1748,2024-10-13,Cityatm,13,10,2024,157671
1749,2024-10-14,Cityatm,14,10,2024,104946
1750,2024-10-15,Cityatm,15,10,2024,78431
1751,2024-10-16,Cityatm,16,10,2024,82360
1752,2024-10-17,Cityatm,17,10,2024,101303
1753,2024-10-18,Cityatm,18,10,2024,105759
1754,2024-10-19,Cityatm,19,10,2024,122856
1755,2024-10-20,Cityatm,20,10,2024,129515
1756,2024-10-21,Cityatm,21,10,2024,86800
1757,2024-10-22,Cityatm,22,10,2024,104007
1758,2024-10-23,Cityatm,23,10,2024,89437
1759,2024-10-24,Cityatm,24,10,2024,75339
1760,2024-10-25,Cityatm,25,10,2024,87743
1761,2024-10-26,Cityatm,26,10,2024,159430
1762,2024-10-27,Cityatm,27,10,2024,167769
1763,2024-10-28,Cityatm,28,10,2024,113934
1764,2024-10-29,Cityatm,29,10,2024,79986
1765,2024-10-30,Cityatm,30,10,2024,113723
1766,2024-10-31,Cityatm,31,10,2024,106131
1767,2024-11-01,Cityatm,1,11,2024,120031
1768,2024-11-02,Cityatm,2,11,2024,130564
1769,2024-11-03,Cityatm,3,11,2024,125449
1770,2024-11-04,Cityatm,4,11,2024,92459
1771,2024-11-05,Cityatm,5,11,2024,87088
1772,2024-11-06,Cityatm,6,11,2024,118657
1773,2024-11-07,Cityatm,7,11,2024,102102
1774,2024-11-08,Cityatm,8,11,2024,113360
1775,2024-11-09,Cityatm,9,11,2024,161079
1776,2024-11-10,Cityatm,10,11,2024,167254
1777,2024-11-11,Cityatm,11,11,2024,122527
1778,2024-11-12,Cityatm,12,11,2024,114644
1779,2024-11-13,Cityatm,13,11,2024,119095
1780,2024-11-14,Cityatm,14,11,2024,96827
1781,2024-11-15,Cityatm,15,11,2024,87964
1782,2024-11-16,Cityatm,16,11,2024,168463
1783,2024-11-17,Cityatm,17,11,2024,150401
1784,2024-11-18,Cityatm,18,11,2024,108695
1785,2024-11-19,Cityatm,19,11,2024,76418
1786,2024-11-20,Cityatm,20,11,2024,83934
1787,2024-11-21,Cityatm,21,11,2024,100077
1788,2024-11-22,Cityatm,22,11,2024,88657
1789,2024-11-23,Cityatm,23,11,2024,121248
1790,2024-11-24,Cityatm,24,11,2024,149015
1791,2024-11-25,Cityatm,25,11,2024,111526
1792,2024-11-26,Cityatm,26,11,2024,119490
1793,2024-11-27,Cityatm,27,11,2024,112099
1794,2024-11-28,Cityatm,28,11,2024,112239
1795,2024-11-29,Cityatm,29,11,2024,105697
1796,2024-11-30,Cityatm,30,11,2024,121865
1797,2024-12-01,Cityatm,1,12,2024,154862
1798,2024-12-02,Cityatm,2,12,2024,101584
1799,2024-12-03,Cityatm,3,12,2024,95258
1800,2024-12-04,Cityatm,4,12,2024,82275
1801,2024-12-05,Cityatm,5,12,2024,119101
1802,2024-12-06,Cityatm,6,12,2024,94292
1803,2024-12-07,Cityatm,7,12,2024,136121
1804,2024-12-08,Cityatm,8,12,2024,167734
1805,2024-12-09,Cityatm,9,12,2024,75229
1806,2024-12-10,Cityatm,10,12,2024,76236
1807,2024-12-11,Cityatm,11,12,2024,86233
1808,2024-12-12,Cityatm,12,12,2024,108538
1809,2024-12-13,Cityatm,13,12,2024,112206
1810,2024-12-14,Cityatm,14,12,2024,139049
1811,2024-12-15,Cityatm,15,12,2024,170285
1812,2024-12-16,Cityatm,16,12,2024,89106
1813,2024-12-17,Cityatm,17,12,2024,120585
1814,2024-12-18,Cityatm,18,12,2024,105546
1815,2024-12-19,Cityatm,19,12,2024,100403
1816,2024-12-20,Cityatm,20,12,2024,105492
1817,2024-12-21,Cityatm,21,12,2024,122400
1818,2024-12-22,Cityatm,22,12,2024,125004
1819,2024-12-23,Cityatm,23,12,2024,75227
1820,2024-12-24,Cityatm,24,12,2024,99740
1821,2024-12-25,Cityatm,25,12,2024,87586
1822,2024-12-26,Cityatm,26,12,2024,81284
1823,2024-12-27,Cityatm,27,12,2024,101249
1824,2024-12-28,Cityatm,28,12,2024,172353
1825,2024-12-29,Cityatm,29,12,2024,170315
1826,2024-12-30,Cityatm,30,12,2024,113053
1827,2024-12-31,Cityatm,31,12,2024,117671
